id,name,cities/0/name,cities/0/id,cities/0/latitude,cities/0/longitude,cities/0/english_name,cities/0/provinceId,cities/1/name,cities/1/id,cities/1/latitude,cities/1/longitude,cities/1/english_name,cities/1/provinceId,cities/2/name,cities/2/id,cities/2/latitude,cities/2/longitude,cities/2/english_name,cities/2/provinceId,cities/3/name,cities/3/id,cities/3/latitude,cities/3/longitude,cities/3/english_name,cities/3/provinceId,cities/4/name,cities/4/id,cities/4/latitude,cities/4/longitude,cities/4/english_name,cities/4/provinceId,cities/5/name,cities/5/id,cities/5/latitude,cities/5/longitude,cities/5/english_name,cities/5/provinceId,cities/6/name,cities/6/id,cities/6/latitude,cities/6/longitude,cities/6/english_name,cities/6/provinceId,cities/7/name,cities/7/id,cities/7/latitude,cities/7/longitude,cities/7/english_name,cities/7/provinceId,cities/8/name,cities/8/id,cities/8/latitude,cities/8/longitude,cities/8/english_name,cities/8/provinceId,cities/9/name,cities/9/id,cities/9/latitude,cities/9/longitude,cities/9/english_name,cities/9/provinceId,cities/10/name,cities/10/id,cities/10/latitude,cities/10/longitude,cities/10/english_name,cities/10/provinceId,cities/11/name,cities/11/id,cities/11/latitude,cities/11/longitude,cities/11/english_name,cities/11/provinceId,cities/12/name,cities/12/id,cities/12/latitude,cities/12/longitude,cities/12/english_name,cities/12/provinceId,cities/13/name,cities/13/id,cities/13/latitude,cities/13/longitude,cities/13/english_name,cities/13/provinceId,cities/14/name,cities/14/id,cities/14/latitude,cities/14/longitude,cities/14/english_name,cities/14/provinceId,cities/15/name,cities/15/id,cities/15/latitude,cities/15/longitude,cities/15/english_name,cities/15/provinceId,cities/16/name,cities/16/id,cities/16/latitude,cities/16/longitude,cities/16/english_name,cities/16/provinceId,cities/17/name,cities/17/id,cities/17/latitude,cities/17/longitude,cities/17/english_name,cities/17/provinceId,cities/18/name,cities/18/id,cities/18/latitude,cities/18/longitude,cities/18/english_name,cities/18/provinceId,cities/19/name,cities/19/id,cities/19/latitude,cities/19/longitude,cities/19/english_name,cities/19/provinceId,cities/20/name,cities/20/id,cities/20/latitude,cities/20/longitude,cities/20/english_name,cities/20/provinceId,cities/21/name,cities/21/id,cities/21/latitude,cities/21/longitude,cities/21/english_name,cities/21/provinceId,cities/22/name,cities/22/id,cities/22/latitude,cities/22/longitude,cities/22/english_name,cities/22/provinceId,cities/23/name,cities/23/id,cities/23/latitude,cities/23/longitude,cities/23/english_name,cities/23/provinceId,cities/24/name,cities/24/id,cities/24/latitude,cities/24/longitude,cities/24/english_name,cities/24/provinceId,cities/25/name,cities/25/id,cities/25/latitude,cities/25/longitude,cities/25/english_name,cities/25/provinceId,cities/26/name,cities/26/id,cities/26/latitude,cities/26/longitude,cities/26/english_name,cities/26/provinceId,cities/27/name,cities/27/id,cities/27/latitude,cities/27/longitude,cities/27/english_name,cities/27/provinceId,cities/28/name,cities/28/id,cities/28/latitude,cities/28/longitude,cities/28/english_name,cities/28/provinceId,cities/29/name,cities/29/id,cities/29/latitude,cities/29/longitude,cities/29/english_name,cities/29/provinceId,cities/30/name,cities/30/id,cities/30/latitude,cities/30/longitude,cities/30/english_name,cities/30/provinceId,cities/31/name,cities/31/id,cities/31/latitude,cities/31/longitude,cities/31/english_name,cities/31/provinceId,cities/32/name,cities/32/id,cities/32/latitude,cities/32/longitude,cities/32/english_name,cities/32/provinceId,cities/33/name,cities/33/id,cities/33/latitude,cities/33/longitude,cities/33/english_name,cities/33/provinceId,cities/34/name,cities/34/id,cities/34/latitude,cities/34/longitude,cities/34/english_name,cities/34/provinceId,cities/35/name,cities/35/id,cities/35/latitude,cities/35/longitude,cities/35/english_name,cities/35/provinceId,cities/36/name,cities/36/id,cities/36/latitude,cities/36/longitude,cities/36/english_name,cities/36/provinceId,cities/37/name,cities/37/id,cities/37/latitude,cities/37/longitude,cities/37/english_name,cities/37/provinceId,cities/38/name,cities/38/id,cities/38/latitude,cities/38/longitude,cities/38/english_name,cities/38/provinceId,cities/39/name,cities/39/id,cities/39/latitude,cities/39/longitude,cities/39/english_name,cities/39/provinceId,cities/40/name,cities/40/id,cities/40/latitude,cities/40/longitude,cities/40/english_name,cities/40/provinceId,cities/41/name,cities/41/id,cities/41/latitude,cities/41/longitude,cities/41/english_name,cities/41/provinceId,cities/42/name,cities/42/id,cities/42/latitude,cities/42/longitude,cities/42/english_name,cities/42/provinceId,cities/43/name,cities/43/id,cities/43/latitude,cities/43/longitude,cities/43/english_name,cities/43/provinceId,cities/44/name,cities/44/id,cities/44/latitude,cities/44/longitude,cities/44/english_name,cities/44/provinceId,cities/45/name,cities/45/id,cities/45/latitude,cities/45/longitude,cities/45/english_name,cities/45/provinceId,cities/46/name,cities/46/id,cities/46/latitude,cities/46/longitude,cities/46/english_name,cities/46/provinceId,cities/47/name,cities/47/id,cities/47/latitude,cities/47/longitude,cities/47/english_name,cities/47/provinceId,cities/48/name,cities/48/id,cities/48/latitude,cities/48/longitude,cities/48/english_name,cities/48/provinceId,cities/49/name,cities/49/id,cities/49/latitude,cities/49/longitude,cities/49/english_name,cities/49/provinceId,cities/50/name,cities/50/id,cities/50/latitude,cities/50/longitude,cities/50/english_name,cities/50/provinceId,cities/51/name,cities/51/id,cities/51/latitude,cities/51/longitude,cities/51/english_name,cities/51/provinceId,cities/52/name,cities/52/id,cities/52/latitude,cities/52/longitude,cities/52/english_name,cities/52/provinceId,cities/53/name,cities/53/id,cities/53/latitude,cities/53/longitude,cities/53/english_name,cities/53/provinceId,cities/54/name,cities/54/id,cities/54/latitude,cities/54/longitude,cities/54/english_name,cities/54/provinceId,cities/55/name,cities/55/id,cities/55/latitude,cities/55/longitude,cities/55/english_name,cities/55/provinceId,cities/56/name,cities/56/id,cities/56/latitude,cities/56/longitude,cities/56/english_name,cities/56/provinceId,cities/57/name,cities/57/id,cities/57/latitude,cities/57/longitude,cities/57/english_name,cities/57/provinceId,cities/58/name,cities/58/id,cities/58/latitude,cities/58/longitude,cities/58/english_name,cities/58/provinceId,cities/59/name,cities/59/id,cities/59/latitude,cities/59/longitude,cities/59/english_name,cities/59/provinceId,cities/60/name,cities/60/id,cities/60/latitude,cities/60/longitude,cities/60/english_name,cities/60/provinceId,latitude,longitude,english_name,cities/61/name,cities/61/id,cities/61/latitude,cities/61/longitude,cities/61/english_name,cities/61/provinceId,cities/62/name,cities/62/id,cities/62/latitude,cities/62/longitude,cities/62/english_name,cities/62/provinceId,cities/63/name,cities/63/id,cities/63/latitude,cities/63/longitude,cities/63/english_name,cities/63/provinceId,cities/64/name,cities/64/id,cities/64/latitude,cities/64/longitude,cities/64/english_name,cities/64/provinceId,cities/65/name,cities/65/id,cities/65/latitude,cities/65/longitude,cities/65/english_name,cities/65/provinceId,cities/66/name,cities/66/id,cities/66/latitude,cities/66/longitude,cities/66/english_name,cities/66/provinceId,cities/67/name,cities/67/id,cities/67/latitude,cities/67/longitude,cities/67/english_name,cities/67/provinceId,cities/68/name,cities/68/id,cities/68/latitude,cities/68/longitude,cities/68/english_name,cities/68/provinceId,cities/69/name,cities/69/id,cities/69/latitude,cities/69/longitude,cities/69/english_name,cities/69/provinceId,cities/70/name,cities/70/id,cities/70/latitude,cities/70/longitude,cities/70/english_name,cities/70/provinceId,cities/71/name,cities/71/id,cities/71/latitude,cities/71/longitude,cities/71/english_name,cities/71/provinceId,cities/72/name,cities/72/id,cities/72/latitude,cities/72/longitude,cities/72/english_name,cities/72/provinceId,cities/73/name,cities/73/id,cities/73/latitude,cities/73/longitude,cities/73/english_name,cities/73/provinceId,cities/74/name,cities/74/id,cities/74/latitude,cities/74/longitude,cities/74/english_name,cities/74/provinceId,cities/75/name,cities/75/id,cities/75/latitude,cities/75/longitude,cities/75/english_name,cities/75/provinceId,cities/76/name,cities/76/id,cities/76/latitude,cities/76/longitude,cities/76/english_name,cities/76/provinceId,cities/77/name,cities/77/id,cities/77/latitude,cities/77/longitude,cities/77/english_name,cities/77/provinceId,cities/78/name,cities/78/id,cities/78/latitude,cities/78/longitude,cities/78/english_name,cities/78/provinceId,cities/79/name,cities/79/id,cities/79/latitude,cities/79/longitude,cities/79/english_name,cities/79/provinceId,cities/80/name,cities/80/id,cities/80/latitude,cities/80/longitude,cities/80/english_name,cities/80/provinceId,cities/81/name,cities/81/id,cities/81/latitude,cities/81/longitude,cities/81/english_name,cities/81/provinceId,cities/82/name,cities/82/id,cities/82/latitude,cities/82/longitude,cities/82/english_name,cities/82/provinceId,cities/83/name,cities/83/id,cities/83/latitude,cities/83/longitude,cities/83/english_name,cities/83/provinceId,cities/84/name,cities/84/id,cities/84/latitude,cities/84/longitude,cities/84/english_name,cities/84/provinceId,cities/85/name,cities/85/id,cities/85/latitude,cities/85/longitude,cities/85/english_name,cities/85/provinceId,cities/86/name,cities/86/id,cities/86/latitude,cities/86/longitude,cities/86/english_name,cities/86/provinceId,cities/87/name,cities/87/id,cities/87/latitude,cities/87/longitude,cities/87/english_name,cities/87/provinceId,cities/88/name,cities/88/id,cities/88/latitude,cities/88/longitude,cities/88/english_name,cities/88/provinceId,cities/89/name,cities/89/id,cities/89/latitude,cities/89/longitude,cities/89/english_name,cities/89/provinceId,cities/90/name,cities/90/id,cities/90/latitude,cities/90/longitude,cities/90/english_name,cities/90/provinceId,cities/91/name,cities/91/id,cities/91/latitude,cities/91/longitude,cities/91/english_name,cities/91/provinceId,cities/92/name,cities/92/id,cities/92/latitude,cities/92/longitude,cities/92/english_name,cities/92/provinceId,cities/93/name,cities/93/id,cities/93/latitude,cities/93/longitude,cities/93/english_name,cities/93/provinceId,cities/94/name,cities/94/id,cities/94/latitude,cities/94/longitude,cities/94/english_name,cities/94/provinceId,cities/95/name,cities/95/id,cities/95/latitude,cities/95/longitude,cities/95/english_name,cities/95/provinceId,cities/96/name,cities/96/id,cities/96/latitude,cities/96/longitude,cities/96/english_name,cities/96/provinceId,cities/97/name,cities/97/id,cities/97/latitude,cities/97/longitude,cities/97/english_name,cities/97/provinceId
1,آذربایجان شرقی,اسکو,1,37.9161035,46.1244787,Osku,1,اهر,2,38.4774934,47.0662215,Ahar,1,ایلخچی,3,37.9389278,45.9800159,Ilkhchi,1,آبش احمد,4,39.122217199999994,47.394406939671214,Abeshahmad,1,آذرشهر,5,35.6993696,51.3682208,Azarshahr,1,آقکند,6,37.2575571,48.0648621,Aq kand,1,باسمنج,7,37.9955619,46.4749113,Basmenj,1,بخشایش,8,38.131648,46.9471214,Bakhshayesh,1,بستان آباد,9,34.8878027,46.0803822,Bostan Abad,1,بناب,10,38.428347,45.9086682,Bonab-e-Jadid,1,بناب جدید,11,38.428347,45.9086682,Bonab-e-Jadid,1,تبریز,12,38.0738612,46.2978789,Tabriz,1,ترک,13,43.4826692,44.1363776,Terek,1,ترکمانچای,14,37.5816929,47.3911101,Torkamanchay,1,تسوج,15,38.3168836,45.3590459,Tasuj,1,تیکمه داش,16,37.7257203,46.9375589,Tikmedash,1,جلفا,17,38.9376054,45.6252101,Jolfa,1,خاروانا,18,38.6851329,46.1697582,Kharvana,1,خامنه,19,38.1934507,45.6298023,Khamaneh,1,خراجو,20,37.3127515,46.5310312,Khodaju,1,خسروشهر,21,37.9162874,46.1239485,Khosroshah,1,خضرلو,22,37.4294876,45.9579756,Khezerloo,1,خمارلو,23,39.1584011,47.0326209,Khumarlu,1,خواجه,24,38.1529122,46.5827856,Khajeh,1,دوزدوزان,25,37.948976,47.119787,Duzduzan,1,زرنق,26,37.3351718,47.6724879,Zarnaq,1,زنوز,27,38.5880287,45.8319818,Zonuz,1,سراب,28,36.3175267,47.5648337,Sarab,1,سردرود,29,36.6154538,50.0497857,Sard Rud,1,سهند,30,26.545081,53.9985388,Sahand,1,سیس,31,38.1997037,45.8124325,Sis,1,سیه رود,32,38.8693808,46.0023332,Siyahrud,1,شبستر,33,38.1783704,45.7002363,Shabistar,1,شربیان,34,37.881101,47.1008161,Sharabiyan,1,شرفخانه,35,38.1786897,45.4892529,Sharafkhaneh,1,شندآباد,36,38.1623547,45.6717498,Shendabad,1,صوفیان,37,38.27694,45.981373,Sufian,1,عجب شیر,38,37.4908406,45.88682372325094,Ajabshir,1,قره آغاج,39,37.7632122,44.8274421,Qareh Aghaj,1,کشکسرای,40,38.458553,45.5673225,Koshksaray,1,کلوانق,41,38.1035391,46.9922274,Kalvanaq,1,کلیبر,42,38.8629817,47.0399693,Kaleybar,1,کوزه کنان,43,38.1865623,45.5751442,Kuzekonan,1,گوگان,44,37.7818413,45.9038288,Gugan,1,لیلان,45,37.0111324,46.2059139,Leylan,1,مراغه,46,37.378812499999995,46.250922101253664,Maragheh,1,مرند,47,38.4306358,45.7741,Marand,1,ملکان,48,32.88852155,52.69499845,ملکان,1,ملک کیان,49,38.04473115,46.50777968845449,ملک کیان,1,ممقان,50,37.8443261,45.9729822,Mamqan,1,مهربان,51,38.0806733,47.1317722,Mehraban,1,میانه,52,37.4284148,47.7058119,Mianeh,1,نظرکهریزی,53,37.34697,46.7629592,Nazarkahrizi,1,هادی شهر,54,36.6400809,52.6315535,Hadishahr,1,هرگلان,55,37.64031885,46.22278133036872,Hargalan,1,هریس,56,29.8119769,-95.3741247,Harris County,1,هشترود,57,37.4759767,47.0498103,Hashtrud,1,هوراند,58,38.8604709,47.3683131,Hurand,1,وایقان,59,38.1304823,45.7129464,Vayqan,1,ورزقان,60,38.5087607,46.6487801,Varziqan,1,یامچی,61,38.5223144,45.6404499,Yamchi,1,37.9160365,46.6781589,East Azerbaijan,,,,,,,,,,,,,,,,,,,,,,,,,,,,,,,,,,,,,,,,,,,,,,,,,,,,,,,,,,,,,,,,,,,,,,,,,,,,,,,,,,,,,,,,,,,,,,,,,,,,,,,,,,,,,,,,,,,,,,,,,,,,,,,,,,,,,,,,,,,,,,,,,,,,,,,,,,,,,,,,,,,,,,,,,,,,,,,,,,,,,,,,,,,,,,,,,,,,,,,,,,,,,,,,,,,,,,,,,,,,,,
2,آذربایجان غربی,ارومیه,62,37.548341,45.0667111,Urmia,2,اشنویه,63,37.0418235,45.0983499,Oshnaviyeh,2,ایواوغلی,64,38.7139034,45.206595,Ivughli,2,آواجیق,65,39.3301839,44.1538901,Avajiq,2,باروق,66,36.9546339,46.3247366,Baruq ,2,بازرگان,67,39.3886668,44.3876859,Bazargan,2,بوکان,68,36.5215096,46.2111837,Bukan,2,پلدشت,69,39.3402705,45.07061225913259,Poldasht,2,پیرانشهر,70,36.6994559,45.140337,Piranshahr,2,تازه شهر,71,38.1751182,44.6915009,Tazeh Shahr,2,تکاب,72,36.4007658,47.1117125,Tikab,2,چهاربرج,73,29.5728068,51.3561085,Chaharborj,2,خوی,74,38.5504343,44.95354,Khoy,2,دیزج دیز,75,38.4614758,45.0252181,Dizaj Diz,2,ربط,76,35.8818906,14.3988213,Rabat,2,سردشت,77,36.1553184,45.4799637,Sardasht,2,سرو,78,32.878006,59.9777334,Serow,2,سلماس,79,38.2026927,44.76768597555627,Salmas,2,سیلوانه,80,37.387855900000005,44.79870604289104,Silvaneh,2,سیمینه,81,36.7303445,46.1534194,Simineh,2,سیه چشمه,82,39.0651269,44.3844026,Chaldran,2,شاهین دژ,83,36.6784386,46.5656627,Shahin Dezh,2,شوط,84,39.2178874,44.7711898,Showt,2,فیرورق,85,38.5821035,44.8316495,Firuraq,2,قره ضیاءالدین,86,38.891166,45.0282107,Qaraziadin,2,قطور,87,38.4714718,44.4099457,Qotur,2,قوشچی,88,37.9929508,45.0370956,Qushchi,2,کشاورز,89,36.8355495,46.3573777,Keshavarz,2,گردکشانه,90,36.8084866,45.264528,Gherdakshaneh,2,ماکو,91,39.2909641,44.4521379,Maku,2,محمدیار,92,36.9841837,45.5167584,Mohammadyar,2,محمودآباد,93,36.6308963,52.2621156,Mahmoudabad,2,مهاباد,94,36.7651739,45.7218136,Mahabad,2,میاندوآب,95,36.9695588,46.0993809,Miandoab,2,میرآباد,96,33.5156063,48.4458248,Mirabad,2,نالوس,97,36.9835017,45.1431549,Nalus,2,نقده,98,36.9555967,45.3878933,Naghadeh,2,نوشین,99,35.8660554,50.9044138,اسفند,2,,,,,,,,,,,,,,,,,,,,,,,,,,,,,,,,,,,,,,,,,,,,,,,,,,,,,,,,,,,,,,,,,,,,,,,,,,,,,,,,,,,,,,,,,,,,,,,,,,,,,,,,,,,,,,,,,,,,,,,,,,,,,,,,,,,,,,,,,,,37.7416484,45.0207638,West Azerbaijan,,,,,,,,,,,,,,,,,,,,,,,,,,,,,,,,,,,,,,,,,,,,,,,,,,,,,,,,,,,,,,,,,,,,,,,,,,,,,,,,,,,,,,,,,,,,,,,,,,,,,,,,,,,,,,,,,,,,,,,,,,,,,,,,,,,,,,,,,,,,,,,,,,,,,,,,,,,,,,,,,,,,,,,,,,,,,,,,,,,,,,,,,,,,,,,,,,,,,,,,,,,,,,,,,,,,,,,,,,,,,,
3,اردبیل,اردبیل,100,38.4583983,47.9313001,Ardabil,3,اصلاندوز,101,39.4417175,47.4102145,Aslan Duz,3,آبی بیگلو,102,38.28365,48.5527012,Abibiglou,3,بیله سوار,103,39.3779114,48.3499706,Bilasuvar,3,پارس آباد,104,37.7983572,48.2803191,Parsabad,3,تازه کند,105,38.0604548,46.9313338,Tazeh Kand,3,تازه کندانگوت,106,39.045299,47.7448756,Tazeh Kand-e Angut,3,جعفرآباد,107,33.9324267,47.6657108,Jafarabad,3,خلخال,108,37.6192217,48.5278144,KhalKhal,3,رضی,109,38.6296398,48.0956519,Razey,3,سرعین,110,38.1493746,48.0746208,Sareyn,3,عنبران,111,38.4900003,48.4355097,Anbaran,3,فخرآباد,112,29.4696363,55.605075,Fakhrabad,3,کلور,113,37.3889125,48.7221802,Kolur,3,کوراییم,114,37.9552413,48.2355776,Kuraiem,3,گرمی,115,39.029223,48.0800478,Germi,3,گیوی,116,37.6846951,48.3396197,Givi,3,لاهرود,117,38.5081222,47.8316745,Lahrud,3,مشگین شهر,118,38.3979293,47.6764836,Meshginshahr,3,نمین,119,38.4240161,48.4840477,Namin,3,نیر,120,31.4845702,54.1259966,Nir,3,هشتجین,121,37.369503,48.322197,Hashjin,3,هیر,122,38.0801837,48.5065169,Hir,3,,,,,,,,,,,,,,,,,,,,,,,,,,,,,,,,,,,,,,,,,,,,,,,,,,,,,,,,,,,,,,,,,,,,,,,,,,,,,,,,,,,,,,,,,,,,,,,,,,,,,,,,,,,,,,,,,,,,,,,,,,,,,,,,,,,,,,,,,,,,,,,,,,,,,,,,,,,,,,,,,,,,,,,,,,,,,,,,,,,,,,,,,,,,,,,,,,,,,,,,,,,,,,,,,,,,,,,,,,,,,,,,,,,,,38.4583983,47.9313001,Ardabil,,,,,,,,,,,,,,,,,,,,,,,,,,,,,,,,,,,,,,,,,,,,,,,,,,,,,,,,,,,,,,,,,,,,,,,,,,,,,,,,,,,,,,,,,,,,,,,,,,,,,,,,,,,,,,,,,,,,,,,,,,,,,,,,,,,,,,,,,,,,,,,,,,,,,,,,,,,,,,,,,,,,,,,,,,,,,,,,,,,,,,,,,,,,,,,,,,,,,,,,,,,,,,,,,,,,,,,,,,,,,,
4,اصفهان,ابریشم,123,32.5697615,51.5712769,Abrisham,4,ابوزیدآباد,124,33.9230699,51.6876684,Abuzeydabad,4,اردستان,125,33.3797762,52.3724967,Ardestan,4,اژیه,126,32.4400685,52.3789114,Ezhieh,4,اصفهان,127,32.6707877,51.6650002,Isfahan,4,افوس,128,33.0240732,50.0929526,Afus,4,انارک,129,33.3104146,53.6981497,Anarak,4,ایمانشهر,130,32.4881597,51.4469528,Iman Shahr,4,آران وبیدگل,131,34.0546135,51.47856839538319,Aran va Bidgol,4,بادرود,132,33.6916541,52.0076895,Badroud,4,باغ بهادران,133,32.3762181,51.1890059,Baq Bahadoran,4,بافران,134,32.8444997,53.1311698,Bafran,4,برزک,135,33.7828104,51.2252965,Barzok,4,برف انبار,136,33.0022943,50.1956911,Barf Anbar,4,بهاران شهر,137,32.515486,51.5417638,Baharanshahr,4,بهارستان,138,32.4858819,51.7785054,Baharestan,4,بوئین و میاندشت,139,33.0805194,50.1598427,Buin and Miandasht,4,پیربکران,140,32.468331,51.5595521,Pir Bakran,4,تودشک,141,32.7198701,52.6707972,Toodeshk,4,تیران,142,33.1844873,49.7842949,Tiran,4,جندق,143,34.0422837,54.4150165,Jandaq,4,جوزدان,144,32.5566297,51.3714526,Joozdan,4,جوشقان و کامو,145,33.6350305,51.2613626,Jowsheqan va Kamu,4,چادگان,146,32.7679417,50.6290648,Chadegan,4,چرمهین,147,32.3333972,51.1898097,Chermahin,4,چمگردان,148,32.393093,51.338919,Chamgordan,4,حبیب آباد,149,32.8276538,51.7757315,Habibabad,4,حسن آباد,150,33.3782113,50.0589311,Hasan Abad,4,حنا,151,31.1971774,51.7245141,Hanna,4,خالدآباد,152,33.6998125,51.9883183,Khaledabad,4,خمینی شهر,153,32.6938201,51.5254892,Khomeyni Shahr,4,خوانسار,154,33.22692,50.3146044,Khansar,4,خور,155,46.854747,9.5264904,Chur,4,خورزوق,156,32.7777528,51.648766,Khorzoq,4,داران,157,38.8301735,45.820683,Daran,4,دامنه,158,33.0178599,50.4893488,Damaneh,4,درچه,159,32.6122831,51.5574338,Dorcheh,4,دستگرد,160,32.9191552,59.294323,dastgerd village,4,دهاقان,161,31.9367339,51.6471146,Dehaqan,4,دهق,162,33.1049536,50.9629781,Dehagh,4,دولت آباد,163,37.064253,66.797996,Dawlatabad,4,دیزیچه,164,32.3829496,51.5128444,Dizicheh,4,رزوه,165,32.8349784,50.5673592,Rozveh,4,رضوانشهر,166,37.5479126,49.1395774,Rezvanshahr,4,زاینده رود,167,32.642818649999995,51.65440349154323,Zayandeh Rud,4,زرین شهر,168,32.3887062,51.3737142,Zarrinshahr,4,زواره,169,33.4469079,52.4948886,Zavareh,4,زیباشهر,170,32.3865574,51.5679359,Zibashahr,4,سده لنجان,171,32.3783604,51.3148844,Sedeh Lanjan,4,سفیدشهر,172,34.126299,51.3506189,Sefidshahr,4,سگزی,173,32.690556,52.125556,Segzi,4,سمیرم,174,31.2593872,51.5258517,Semirom,4,شاهین شهر,175,38.0416804,46.3967771,Shahin Shahr,4,شهرضا,176,32.0116032,51.8651719,Shahreza,4,طالخونچه,177,32.2661882,51.5639295,Talkhuncheh,4,عسگران,178,33.3146281,49.8343035,Asgarans,4,علویجه,179,33.0560985,51.0845672,Alavijeh,4,فرخی,180,33.8299856,59.5303836,Farrokhi,4,فریدونشهر,181,35.7118391,51.4205891,Fereydunshahr,4,فلاورجان,182,32.5576772,51.5079153,Falavarjan,4,فولادشهر,183,32.4834868,51.4173278,FuladShahr,4,32.6707877,51.6650002,Isfahan,قمصر,184,35.5086123,51.4024649,Qamsar,4,قهجاورستان,185,32.7040579,51.8330476,Qahjavarestan,4,قهدریجان,186,32.577126,51.4539164,Qahderijan,4,کاشان,187,33.9876533,51.4428856,Kashan,4,کرکوند,188,32.3460971,51.4473626,Karkevand,4,کلیشاد و سودرجان,189,32.5476802,51.5329463,Kelishad and Sudarjan,4,کمشچه,190,33.2300007,52.0558823,Komshecheh,4,کمه,191,31.0676887,51.5936835,Komeh,4,کهریزسنگ,192,32.62883235,51.480913042335175,Kahriz Sang,4,کوشک,193,33.0556981,59.3417259,Kushk,4,کوهپایه,194,32.7138321,52.4405045,Koohpayeh,4,گرگاب,195,32.8678119,51.5981358,Gorgab,4,گزبرخوار,196,32.807793,51.61823,Gaz-e Borkhar,4,گلپایگان,197,33.456488,50.2883303,Golpayegan,4,گلدشت,198,33.90594645,48.71611467366901,Goldasht,4,گلشهر,199,33.5130447,50.4754975,Golshahr,4,گوگد,200,33.4755802,50.3554565,Guged,4,لای بید,201,32.3560216,51.1401713,Laybid,4,مبارکه,202,31.7722052,54.2459607,Mobarakeh,4,مجلسی,203,32.1968552,51.5007466,Majlesi,4,محمدآباد,204,33.4601737,48.6490863,Mohammadabad,4,مشکات,205,38.076258,46.2907801,Mashkat,4,منظریه,206,32.8359683,59.1969939,Manzariyeh,4,مهاباد,207,36.7651739,45.7218136,Mahabad,4,میمه,208,33.4467299,51.1733569,Meymeh,4,نائین,209,32.8610688,53.085985,Na'in,4,نجف آباد,210,37.6254335,57.3602414,Najafabad,4,نصرآباد,211,36.6416168,59.191188,Nasrabad,4,نطنز,212,33.5071275,51.9135547,Natanz,4,نوش آباد,213,33.3330988,48.5742629,Nushabad,4,نیاسر,214,33.970466,51.1457545,Niasar,4,نیک آباد,215,32.3041598,52.2032026,Nikabad,4,هرند,216,32.5625906,52.4355327,Harand,4,ورزنه,217,32.4203632,52.6486815,Varzaneh,4,ورنامخواست,218,32.3589117,51.3787538,Varnamkhast,4,وزوان,219,33.4183839,51.1847456,Vazvan,4,ونک,220,34.6766817,49.5294575,Vanak,4
5,ایلام,ارکواز,221,33.3846543,46.5973663,Arkvaz,5,ایلام,222,33.1545696,46.7576343,Ilam,5,ایوان,223,33.8282411,46.3096374,Eywan,5,آبدانان,224,32.9901681,47.4221887,Abdanan,5,آسمان آباد,225,33.8619245,46.4518435,Aseman abad,5,بدره,226,33.3060497,47.0385999,Badreh,5,پهله,227,33.0119112,46.8815641,Pahleh,5,توحید,228,33.728139,47.0678839,Towhid,5,چوار,229,33.6967187,46.2967631,Chavar,5,دره شهر,230,33.1385109,47.3753599,Darreh Shahr,5,دلگشا,231,32.7427608,52.782472547167444,Delgosha,5,دهلران,232,32.1714657,48.9395152,Dehloran,5,زرنه,233,33.928499,46.1826201,Zarneh,5,سراب باغ,234,32.898466,47.5728997,Sarab Bagh,5,سرابله,235,33.7675797,46.5654912,Sarableh,5,صالح آباد,236,29.3110846,56.4867213,Saleh Abad-e-Garbi,5,لومار,237,33.5673389,46.8146332,Lumar,5,مهران,238,36.2059941,50.9352561,Mehran,5,مورموری,239,32.7254932,47.6773754,Murmuri,5,موسیان,240,32.5209668,47.376702,Musian,5,میمه,241,33.4467299,51.1733569,Meymeh,5,,,,,,,,,,,,,,,,,,,,,,,,,,,,,,,,,,,,,,,,,,,,,,,,,,,,,,,,,,,,,,,,,,,,,,,,,,,,,,,,,,,,,,,,,,,,,,,,,,,,,,,,,,,,,,,,,,,,,,,,,,,,,,,,,,,,,,,,,,,,,,,,,,,,,,,,,,,,,,,,,,,,,,,,,,,,,,,,,,,,,,,,,,,,,,,,,,,,,,,,,,,,,,,,,,,,,,,,,,,,,,,,,,,,,,,,,,,,,,,,,33.1545696,46.7576343,Ilam,,,,,,,,,,,,,,,,,,,,,,,,,,,,,,,,,,,,,,,,,,,,,,,,,,,,,,,,,,,,,,,,,,,,,,,,,,,,,,,,,,,,,,,,,,,,,,,,,,,,,,,,,,,,,,,,,,,,,,,,,,,,,,,,,,,,,,,,,,,,,,,,,,,,,,,,,,,,,,,,,,,,,,,,,,,,,,,,,,,,,,,,,,,,,,,,,,,,,,,,,,,,,,,,,,,,,,,,,,,,,,
6,بوشهر,امام حسن,242,34.539487,45.833509,Emam Hasan,6,انارستان,243,32.3893886,53.4980053,Anarestan,6,اهرم,244,28.8830282,51.2742019,Ahram,6,آب پخش,245,29.3604336,51.0713656,Ab Pakhsh ,6,آبدان,246,28.086050200000003,51.78362047831979,Abdan,6,برازجان,247,29.9230779,54.0694341,Borazjan,6,بردخون,248,28.0623996,51.4771795,Bordekhoon,6,بندردیر,249,27.838773,51.937609,Bandar-e Dayyer,6,بندردیلم,250,30.054,50.165,Bandar-e Deylam,6,بندرریگ,251,29.463964150000002,50.63840005420174,Bandar-e Rig,6,بندرکنگان,252,27.8353,52.0594,Bandar-e Kangan,6,بندرگناوه,253,29.567821,50.516853,Bandar-e Ganaveh,6,بنک,254,27.2589322,57.6176119,Banak,6,بوشهر,255,28.8936645,51.3204877,Bushehr,6,تنگ ارم,256,29.1544748,51.5293588,Tang-e Eram,6,جم,257,27.8262811,52.3263597,Jam ,6,چغادک,258,28.98560965,51.03739601209239,Choghadak,6,خارک,259,29.240594299999998,50.31172927653904,Kharg Island,6,خورموج,260,28.654813400000002,51.38282787109593,Khormoj,6,دالکی,261,29.4307486,51.2925138,Dalaki,6,دلوار,262,28.7628729,51.0719232,Delvar,6,ریز,263,28.0517466,52.0837191,Riz,6,سعدآباد,264,29.3848355,51.1166292,Saadabad,6,سیراف,265,28.9884784,50.8280139,Siraf,6,شبانکاره,266,29.4696831,50.9909728,Shabankareh ,6,شنبه,267,35.6512378,51.4531583,Shonbeh,6,عسلویه,268,27.4760027,52.6070411,Asalouyeh ,6,کاکی,269,28.3366456,51.523857,Kaki ,6,کلمه,270,28.9436694,51.4581903,Kalameh,6,نخل تقی,271,27.4980795,52.583854,Nakhl-e Taghi ,6,وحدتیه,272,29.48306,51.2369657,Vahdatiyeh,6,,,,,,,,,,,,,,,,,,,,,,,,,,,,,,,,,,,,,,,,,,,,,,,,,,,,,,,,,,,,,,,,,,,,,,,,,,,,,,,,,,,,,,,,,,,,,,,,,,,,,,,,,,,,,,,,,,,,,,,,,,,,,,,,,,,,,,,,,,,,,,,,,,,,,,,,,,,,,,,,,,,,,,,,,,,,,,,,,,,,,28.8936645,51.3204877,Bushehr,,,,,,,,,,,,,,,,,,,,,,,,,,,,,,,,,,,,,,,,,,,,,,,,,,,,,,,,,,,,,,,,,,,,,,,,,,,,,,,,,,,,,,,,,,,,,,,,,,,,,,,,,,,,,,,,,,,,,,,,,,,,,,,,,,,,,,,,,,,,,,,,,,,,,,,,,,,,,,,,,,,,,,,,,,,,,,,,,,,,,,,,,,,,,,,,,,,,,,,,,,,,,,,,,,,,,,,,,,,,,,
7,تهران,ارجمند,273,35.6779754,51.4319641,Arjmand,7,اسلامشهر,274,35.5478513,51.2318676,Eslamshahr,7,اندیشه,275,33.8448411,46.2854175,Andisha,7,آبسرد,276,28.9744982,52.9349349,Absard,7,آبعلی,277,35.7620424,51.9628205,Abali,7,باغستان,278,37.7095339,45.0916366,Baghestan,7,باقرشهر,279,35.5338489,51.4053842,Baqershahr,7,بومهن,280,35.7285207,51.864313,Bumehen,7,پاکدشت,281,34.8288469,48.5414144,Pakdasht,7,پردیس,282,35.7411286,51.815509,Pardis,7,پیشوا,283,35.3086544,51.7190255,Pishva,7,تهران,284,35.6892523,51.3896004,Tehran,7,جوادآباد,285,33.9353739,47.7431595,Javadabad,7,چهاردانگه,286,35.5733747,51.7150162,Chahar Dangeh,7,حسن آباد,287,33.3782113,50.0589311,Hasan Abad,7,دماوند,288,35.954365,52.1103419,Damavand,7,دیزین,289,36.0508147,51.4155456,Dizin,7,شهر ری,290,35.5989911,51.4357865,Rey,7,رباط کریم,291,35.480576,51.0781534,Robat Karim,7,رودهن,292,35.734772,51.9063798,Rudehen,7,شاهدشهر,293,35.5735353,51.0868332,Shahedshahr,7,شریف آباد,294,33.4354844,49.5918967,Sharifabad,7,شمشک,295,36.011362,51.4909361,Shemshak,7,شهریار,296,31.341945,51.2233937,Shahriar,7,صالح آباد,297,29.3110846,56.4867213,Saleh Abad,7,صباشهر,298,35.5824779,51.1130446,Sabashahr,7,صفادشت,299,33.2738606,50.3914099,Sadfa Dasht,7,فردوسیه,300,30.5268218,56.0552456,Ferdosiyeh,7,فشم,301,35.9300601,51.5263647,Fasham,7,فیروزکوه,302,35.7556732,52.7730592,Firuzkuh,7,قدس,303,31.7788242,35.2257626,Jerusalem,7,قرچک,304,35.430769,51.57778497244185,Qarchak,7,کهریزک,305,35.517323,51.3618852,Kahrizak,7,کیلان,306,35.5505069,52.1684289,Kilan,7,گلستان,307,37.1984436,55.070672,Golestan,7,لواسان,308,35.8204845,51.6321444,Lavasan,7,ملارد,309,35.2886448,50.3465692,Malard,7,میگون,310,35.7058036,51.3745835,Meigoon,7,نسیم شهر,311,35.5683375,51.1591692,Nasimshahr,7,نصیرآباد,312,33.3497272,48.530817,Nasirabad,7,وحیدیه,313,35.6062379,51.0263766,Vahidiyyeh,7,ورامین,314,28.4271444,57.723789,Varamin,7,پرند,315,33.6415415,50.0828051,Parand,7,قیامدشت,316,35.5237555,51.6510033,Qiamdasht,7,,,,,,,,,,,,,,,,,,,,,,,,,,,,,,,,,,,,,,,,,,,,,,,,,,,,,,,,,,,,,,,,,,,,,,,,,,,,,,,,,,,,,,,,,,,,,,,,,,,,,,,35.6892523,51.3896004,Tehran,,,,,,,,,,,,,,,,,,,,,,,,,,,,,,,,,,,,,,,,,,,,,,,,,,,,,,,,,,,,,,,,,,,,,,,,,,,,,,,,,,,,,,,,,,,,,,,,,,,,,,,,,,,,,,,,,,,,,,,,,,,,,,,,,,,,,,,,,,,,,,,,,,,,,,,,,,,,,,,,,,,,,,,,,,,,,,,,,,,,,,,,,,,,,,,,,,,,,,,,,,,,,,,,,,,,,,,,,,,,,,
8,چهارمحال و بختیاری,اردل,317,31.997682,50.6609476,Ardal,8,آلونی,318,31.5528467,51.0576007,Aluni,8,باباحیدر,319,32.3276473,50.4743756,Babaheydar,8,بروجن,320,31.9719093,51.291596,Borujen,8,بلداجی,321,31.9365711,51.0513348,Boldaji,8,بن,322,32.5422671,50.7453326,Ben,8,جونقان,323,32.1516564,50.6856466,Junqan,8,چلگرد,324,32.4682525,50.1222437,Chelgerd,8,سامان,325,35.259467,49.577919,Saman,8,سفیددشت,326,32.1715539,51.2055318,Sefiddasht,8,سودجان,327,32.5215922,50.4018883,Sodejan,8,سورشجان,328,32.9102457,50.1963976,Sureshjan,8,شلمزار,329,36.0478124,50.6575568,Shalamzar,8,شهرکرد,330,32.3257366,50.8497369,Shahr-e Kord,8,طاقانک,331,32.2224453,50.8392836,Taqanak,8,فارسان,332,37.2407925,55.2104398,Farsan,8,فرادنبه,333,32.0080417,51.2176939,Faradanbeh,8,فرخ شهر,334,32.2732354,50.9836849,Farrokhshahr,8,کیان,335,36.056781,52.2146405,Kian,8,گندمان,336,31.8650116,51.153733,Gandoman,8,گهرو,337,26.8732489,57.2137043,Gahru,8,لردگان,338,31.5126237,50.8303948,Lordegan,8,مال خلیفه,339,31.2905232,51.2604527,Malkhalifeh,8,ناغان,340,31.9344796,50.7276893,Naghan,8,نافچ,341,32.4228214,50.7896658,Nafch,8,نقنه,342,31.9333253,51.3258702,Naqneh,8,هفشجان,343,32.2255216,50.7945045,Hafshejan,8,,,,,,,,,,,,,,,,,,,,,,,,,,,,,,,,,,,,,,,,,,,,,,,,,,,,,,,,,,,,,,,,,,,,,,,,,,,,,,,,,,,,,,,,,,,,,,,,,,,,,,,,,,,,,,,,,,,,,,,,,,,,,,,,,,,,,,,,,,,,,,,,,,,,,,,,,,,,,,,,,,,,,,,,,,,,,,,,,,,,,,,,,,,,,,,,,,,,,,,,,,,,,32.0163307,50.685709,Chaharmahal and Bakhtiyari,,,,,,,,,,,,,,,,,,,,,,,,,,,,,,,,,,,,,,,,,,,,,,,,,,,,,,,,,,,,,,,,,,,,,,,,,,,,,,,,,,,,,,,,,,,,,,,,,,,,,,,,,,,,,,,,,,,,,,,,,,,,,,,,,,,,,,,,,,,,,,,,,,,,,,,,,,,,,,,,,,,,,,,,,,,,,,,,,,,,,,,,,,,,,,,,,,,,,,,,,,,,,,,,,,,,,,,,,,,,,,
9,خراسان جنوبی,ارسک,344,33.7015379,57.3732972,Eresk,9,اسدیه,345,32.9157088,60.0209676,Asadiyeh,9,اسفدن,346,33.6478435,59.7791575,Esfeden,9,اسلامیه,347,36.4878076,59.5151684,Eslamiyeh,9,آرین شهر,348,33.3319207,59.2333976,Arianshahr,9,آیسک,349,33.8862967,58.3810693,Ayask,9,بشرویه,350,33.8662098,57.4253814,Boshruyeh,9,بیرجند,351,32.8633961,59.2177294,Birjand,9,حاجی آباد,352,33.6226584,48.5793314,Hajiabad,9,خضری دشت بیاض,353,34.0216542,58.8140837,Khezri Dasht Beyaz,9,خوسف,354,32.7796665,58.8928449,Khusf,9,زهان,355,33.4226757,59.8126423,Zohan,9,سرایان,356,33.8625217,58.5231892,Sarayan,9,سربیشه,357,32.573805,59.795754,Sarbisheh,9,سه قلعه,358,33.665653,58.3976472,Se Qaleh,9,شوسف,359,31.8035023,60.0099186,Shusef,9,طبس,360,33.5962283,56.9249087,Tabas,9,فردوس,361,28.6840266,57.1619443,Ferdows,9,قاین,362,33.7340439,59.1795177,Qaen,9,قهستان,363,33.1495413,59.7165809,Qohestan,9,محمدشهر,364,35.7527246,50.9039864,Mohammad Shahr,9,مود,365,32.7063592,59.5243809,Mud,9,نهبندان,366,31.5431543,60.0349456,Nehbandan,9,نیمبلوک,367,33.9122595,58.9319935,Nimbeluk,9,,,,,,,,,,,,,,,,,,,,,,,,,,,,,,,,,,,,,,,,,,,,,,,,,,,,,,,,,,,,,,,,,,,,,,,,,,,,,,,,,,,,,,,,,,,,,,,,,,,,,,,,,,,,,,,,,,,,,,,,,,,,,,,,,,,,,,,,,,,,,,,,,,,,,,,,,,,,,,,,,,,,,,,,,,,,,,,,,,,,,,,,,,,,,,,,,,,,,,,,,,,,,,,,,,,,,,,,,,,,,,,33.129577,58.1065069,South Khorasan,,,,,,,,,,,,,,,,,,,,,,,,,,,,,,,,,,,,,,,,,,,,,,,,,,,,,,,,,,,,,,,,,,,,,,,,,,,,,,,,,,,,,,,,,,,,,,,,,,,,,,,,,,,,,,,,,,,,,,,,,,,,,,,,,,,,,,,,,,,,,,,,,,,,,,,,,,,,,,,,,,,,,,,,,,,,,,,,,,,,,,,,,,,,,,,,,,,,,,,,,,,,,,,,,,,,,,,,,,,,,,
10,خراسان رضوی,احمدآباد صولت,368,35.1163649,60.6897163,Ahmadabad-e Sowlat,10,انابد,369,35.2532264,57.8122034,Anabad,10,باجگیران,370,37.6219339,58.4182686,Bajgiran,10,باخرز,371,34.9941781,60.3148224,Bakharz,10,بار,372,36.4897198,58.7161898,Bar,10,بایگ,373,35.3756395,59.0389376,Bayg,10,بجستان,374,34.5163087,58.1834619,Bajestan,10,بردسکن,375,35.2611338,57.9685311,Bardaskan,10,بیدخت,376,34.3463245,58.7573243,Bidokht,10,تایباد,377,34.7401763,60.7755127,Taybad,10,تربت جام,378,35.2432546,60.626313,Torbat-e Jam town,10,تربت حیدریه,379,35.2740853,59.2194494,Torbat-e Heydarieh,10,جغتای,380,36.638031,57.0743721,Joghatay,10,جنگل,381,34.7033333,59.2227778,Jangal,10,چاپشلو,382,37.3514931,59.0774864,Chapeshlu,10,چکنه,383,36.8179746,58.5035404,Chekneh,10,چناران,384,36.6483961,59.1185005,Chenaran,10,خرو,385,35.5108865,58.2596341,Kharv,10,خلیل آباد,386,35.2545313,58.2863427,Khalil Abad,10,خواف,387,34.5723166,60.1440373,Khaf,10,داورزن,388,36.3512877,56.8762448,Davarzan,10,درگز,389,37.4470313,59.1064876,Dargaz,10,در رود,390,32.6661492,35.9994292,Darud,10,دولت آباد,391,37.064253,66.797996,Dawlatabad,10,رباط سنگ,392,35.5460635,59.1938079,Robat Sang,10,رشتخوار,393,34.9751301,59.6245967,Roshtkhar,10,رضویه,394,36.2064831,59.7698334,Razaviyeh,10,روداب,395,36.0213972,57.3114353,Rudab,10,ریوش,396,35.4751589,58.4586724,Rivash,10,سبزوار,397,36.2134053,57.6808799,Sabzevar,10,سرخس,398,36.5399097,61.1564431,Sarakhs,10,سفیدسنگ,399,35.6579548,60.0949107,Sefid Sang,10,سلامی,400,34.7448255,59.9785539,Salami,10,سلطان آباد,401,37.3215535,45.2623942,Soltanabad,10,سنگان,402,34.3995279,60.2571339,Sangan,10,شادمهر,403,35.1716343,59.0366756,Shadmehr,10,شاندیز,404,36.3958867,59.2985989,Shandiz,10,ششتمد,405,35.9585753,57.766785,Sheshtamad,10,شهرآباد,406,35.1490811,57.9356524,Shahrabad,10,شهرزو,407,36.7488391,59.9338092,Zavin,10,صالح آباد,408,29.3110846,56.4867213,Saleh Abad,10,طرقبه,409,36.24709825,59.37117367408429,Torghabeh,10,عشق آباد,410,37.9404648,58.3823487,Ashgabat,10,فرهادگرد,411,35.7664697,59.7345327,Farhad Gerd,10,فریمان,412,35.701215,59.8465304,Fariman,10,فیروزه,413,37.355711,57.2469163,Firuzeh,10,فیض آباد,414,37.216341,70.613481,Fayzabad,10,قاسم آباد,415,33.6018431,48.3465115,Qasemabad,10,قدمگاه,416,36.1063279,59.0597459,Ghadamgah,10,قلندرآباد,417,35.5993818,59.9498981,Qalandarabad,10,قوچان,418,37.1060904,58.5086657,Ghoochan ,10,کاخک,419,34.1511878,58.6392528,Kakhk,10,کاریز,420,34.8127778,60.8241667,Kariz,10,کاشمر,421,35.2446715,58.4641341,Kashmar,10,کدکن,422,35.5855764,58.8787467,Kadkan,10,کلات,423,34.1983333,58.5444444,Kalat,10,کندر,424,33.5277322,49.694981,Kondor,10,گلمکان,425,36.4818235,59.1595291,Golmakan,10,گناباد,426,34.3528343,58.6832352,Gonabad,10,لطف آباد,427,37.5178695,59.3409617,Lotfabad,10,مزدآوند,428,36.1557394,60.5291811,Mazdavand,10,35.4795009,59.0237291,Razavi Khorasan,مشهد,429,36.2974945,59.6059232,Mashhad,10,ملک آباد,430,35.9991019,59.5918125,Malekabad,10,نشتیفان,431,34.4337222,60.1777943,Nashtifan,10,نصرآباد,432,36.6416168,59.191188,نصرآباد,10,نقاب,433,36.7105093,57.4086684,Neqab,10,نوخندان,434,37.5200945,58.9893154,Nokhandan,10,نیشابور,435,36.2105604,58.7922291,Neyshabur ,10,نیل شهر,436,35.1224857,60.7736351,Nilshahr,10,همت آباد,437,33.9926066,47.9846281,Hemmatabad,10,یونسی,438,34.8055463,58.4372591,Yoonesi,10,گلبهار,439,36.56349145,59.17880319834591,Golbahar,10,بینالود,440,36.4275522,58.8450526,Binalud,10,,,,,,,,,,,,,,,,,,,,,,,,,,,,,,,,,,,,,,,,,,,,,,,,,,,,,,,,,,,,,,,,,,,,,,,,,,,,,,,,,,,,,,,,,,,,,,,,,,,,,,,,,,,,,,,,,,,,,,,,,,,,,,,,,,,,,,,,,,,,,,,,,,,,,,
11,خراسان شمالی,اسفراین,441,37.0750975,57.5096169,Esfarayen,11,ایور,442,35.4792138,58.5821879,Ivar,11,آشخانه,443,37.5603754,56.922995,Ashkhaneh,11,بجنورد,444,37.4759752,57.3319881,Bojnord,11,پیش قلعه,445,37.6502286,57.0018995,Pish Qaleh,11,تیتکانلو,446,37.2811331,58.2884947,Titkanlu,11,جاجرم,447,36.9499996,56.3792939,Jajarm,11,حصارگرمخان,448,37.5167,57.45,Hesar-e Garmkhan,11,درق,449,38.5987805,45.8526116,Daraq,11,راز,450,37.9338042,57.1113879,Raz,11,سنخواست,451,37.0997416,56.8492214,Sankhast,11,شوقان,452,37.3418549,56.886776,Shoghan,11,شیروان,453,39.9549667,48.9455904,Shirvan,11,صفی آباد,454,36.6967342,59.143346,Safiabad,11,فاروج,455,37.2317346,58.2192859,Faruj,11,قاضی,456,37.847182,57.3160849,Qazi,11,گرمه,457,36.9870347,56.2888872,Garmeh,11,لوجلی,458,37.6069313,57.8574221,Lujli,11,,,,,,,,,,,,,,,,,,,,,,,,,,,,,,,,,,,,,,,,,,,,,,,,,,,,,,,,,,,,,,,,,,,,,,,,,,,,,,,,,,,,,,,,,,,,,,,,,,,,,,,,,,,,,,,,,,,,,,,,,,,,,,,,,,,,,,,,,,,,,,,,,,,,,,,,,,,,,,,,,,,,,,,,,,,,,,,,,,,,,,,,,,,,,,,,,,,,,,,,,,,,,,,,,,,,,,,,,,,,,,,,,,,,,,,,,,,,,,,,,,,,,,,,,,,,,,,,,,,37.5378855,56.9526137,North Khorasan,,,,,,,,,,,,,,,,,,,,,,,,,,,,,,,,,,,,,,,,,,,,,,,,,,,,,,,,,,,,,,,,,,,,,,,,,,,,,,,,,,,,,,,,,,,,,,,,,,,,,,,,,,,,,,,,,,,,,,,,,,,,,,,,,,,,,,,,,,,,,,,,,,,,,,,,,,,,,,,,,,,,,,,,,,,,,,,,,,,,,,,,,,,,,,,,,,,,,,,,,,,,,,,,,,,,,,,,,,,,,,
12,خوزستان,اروندکنار,459,29.9843073,48.5109871,Arwandkenar,12,الوان,460,38.8145,45.9088,Alvan,12,امیدیه,461,29.9867021,52.8673267,Omidiyeh,12,اندیمشک,462,32.4854294,48.3270335,Andimeshk,12,اهواز,463,31.3230637,48.67932,Ahwaz,12,ایذه,464,31.8303661,49.8685539,Izeh,12,آبادان,465,30.3636097,48.2591475,Abadan,12,آغاجاری,466,30.6995647,49.8285336,Aghajari,12,باغ ملک,467,29.3834678,56.6260263,Baghmalek,12,بستان,468,31.7215101,47.9867165,Bostan,12,بندرامام خمینی,469,30.554131,49.050928,Bandar-e Emam Khomeyni,12,بندرماهشهر,470,30.5458,49.1803,Bandar-e Mahshahr,12,بهبهان,471,30.593435900000003,50.239197767309,Behbahan,12,ترکالکی,472,32.2441851,48.8464607,Torkalaki,12,جایزان,473,30.8751924,49.853429,Jayezan,12,چمران,474,35.1787325,49.9281205,Chamran,12,چویبده,475,30.18634745,48.58201569942754,Chavibdeh,12,حر,476,32.144177,48.391286,Hor,12,حسینیه,477,32.6826625,48.247497,Hoseyniyeh,12,حمزه,478,32.1510423,48.2571421,Hamza,12,حمیدیه,479,31.4808215,48.4353791,Hamidieh,12,خرمشهر,480,30.4333105,48.1779858,Khorramshahr,12,دارخوین,481,30.7416962,48.4194934,Darkhoveyn,12,دزآب,482,32.2280083,48.4246878,Shahr-e-Emam,12,دزفول,483,32.3780257,48.4032064,Dezful,12,دهدز,484,31.707783,50.2885498,Dehdez,12,رامشیر,485,30.8939518,49.4093497,Ramshir,12,رامهرمز,486,31.2780254,49.6020152,Ramhormoz,12,رفیع,487,31.5962386,47.8919447,Rafi,12,زهره,488,30.2345888,50.4438974,Zahreh,12,سالند,489,32.4967988,48.8341935,Saland,12,سردشت,490,36.1553184,45.4799637,Sardasht,12,سوسنگرد,491,31.5565801,48.1880626,Sousangerd,12,شادگان,492,30.6492516,48.6690288,Shadegan,12,شاوور,493,32.0564315,48.3043796,Shavoor,12,شرافت,494,37.5606984,56.9141204,Sharafat,12,شوش,495,32.2003687,48.2489839,Shoush,12,شوشتر,496,32.0492034,48.851281,Shushtar,12,شیبان,497,27.3902237,60.8100705,Sheyban,12,صالح شهر,498,32.2120495,48.6722366,saleh shahr,12,صفی آباد,499,36.6967342,59.143346,Safiabad,12,صیدون,500,31.367373,50.0844132,Seydun,12,قلعه تل,501,31.6307184,49.8908244,Qaleh Toll,12,قلعه خواجه,502,32.2055934,49.4535184,Qaleh-ye Khvajeh,12,گتوند,503,32.245156699999995,48.812418181822636,Gotvand,12,لالی,504,32.3306321,49.0944,Lali,12,مسجدسلیمان,505,38.0869539,46.28169783403382,Masjedsoleyman,12,ملاثانی,506,31.5841359,48.888229,Mollasani,12,میانرود,507,36.5380033,53.0551426,Mianrud,12,مینوشهر,508,30.3534226,48.2170496,Minooshahr,12,هفتگل,509,31.4237572,49.6180485,Haftgel,12,هندیجان,510,30.2363224,49.7122886,Hendijan,12,هویزه,511,31.462778,48.0755697,Hoveyzeh,12,ویس,512,43.0434206,16.165472532604653,Vis,12,,,,,,,,,,,,,,,,,,,,,,,,,,,,,,,,,,,,,,,,,,,31.5563051,49.0058885,Khuzestan,,,,,,,,,,,,,,,,,,,,,,,,,,,,,,,,,,,,,,,,,,,,,,,,,,,,,,,,,,,,,,,,,,,,,,,,,,,,,,,,,,,,,,,,,,,,,,,,,,,,,,,,,,,,,,,,,,,,,,,,,,,,,,,,,,,,,,,,,,,,,,,,,,,,,,,,,,,,,,,,,,,,,,,,,,,,,,,,,,,,,,,,,,,,,,,,,,,,,,,,,,,,,,,,,,,,,,,,,,,,,,
13,زنجان,ابهر,513,35.7409096,50.9865328,Abhar,13,ارمغان خانه,514,36.9656,48.3781,Armaghankhaneh,13,آب بر,515,36.9258587,48.953276,Ab Bar,13,چورزق,516,36.9982345,48.7776206,Chavarzagh,13,حلب,517,36.19924,37.1637253,Aleppo,13,خرمدره,518,34.778943,47.5989096,Khorramdarreh,13,دندی,519,36.5541697,47.6207573,Dandi,13,زرین آباد,520,35.5954,47.5787,Zarrinabad,13,زرین رود,521,35.7565444,48.4811949,Zarrin Rud,13,زنجان,522,36.515854,48.4777616,Zanjan,13,سجاس,523,36.2402834,48.5530842,Sojas ,13,سلطانیه,524,36.4345194,48.7940806,Soltaniyeh,13,سهرورد,525,36.0705638,48.4416193,Sohrevard ,13,صائین قلعه,526,36.3038013,49.072849,Sain Qaleh ,13,قیدار,527,36.1227353,48.591074,Qeydar,13,گرماب,528,35.8479451,48.1962354,Garmab ,13,ماه نشان,529,36.7456508,47.6716751,Mah Neshan,13,هیدج,530,36.2557601,49.13398571132363,Hidaj,13,,,,,,,,,,,,,,,,,,,,,,,,,,,,,,,,,,,,,,,,,,,,,,,,,,,,,,,,,,,,,,,,,,,,,,,,,,,,,,,,,,,,,,,,,,,,,,,,,,,,,,,,,,,,,,,,,,,,,,,,,,,,,,,,,,,,,,,,,,,,,,,,,,,,,,,,,,,,,,,,,,,,,,,,,,,,,,,,,,,,,,,,,,,,,,,,,,,,,,,,,,,,,,,,,,,,,,,,,,,,,,,,,,,,,,,,,,,,,,,,,,,,,,,,,,,,,,,,,,,36.515854,48.4777616,Zanjan,,,,,,,,,,,,,,,,,,,,,,,,,,,,,,,,,,,,,,,,,,,,,,,,,,,,,,,,,,,,,,,,,,,,,,,,,,,,,,,,,,,,,,,,,,,,,,,,,,,,,,,,,,,,,,,,,,,,,,,,,,,,,,,,,,,,,,,,,,,,,,,,,,,,,,,,,,,,,,,,,,,,,,,,,,,,,,,,,,,,,,,,,,,,,,,,,,,,,,,,,,,,,,,,,,,,,,,,,,,,,,
14,سمنان,امیریه,531,35.299584,48.992579,Amiriyeh,14,ایوانکی,532,35.3441899,52.069922,Eyvane kay,14,آرادان,533,35.2478246,52.4928417,Aradan,14,بسطام,534,36.4827556,55.0010717,Bastam,14,بیارجمند,535,36.0790243,55.8098841,Beyarjmand,14,دامغان,536,35.6880944,51.3715109,Damghan,14,درجزین,537,35.3605661,49.0764427,Darjazin,14,دیباج,538,36.4282719,54.2294606,Dibaj,14,سرخه,539,35.4638851,53.2135038,Sorkheh,14,سمنان,540,35.5834074,53.3882906,Semnan,14,شاهرود,541,28.0326946,56.3560683,Shahrud,14,شهمیرزاد,542,35.7735069,53.3279767,Shahmirzad,14,کلاته خیج,543,36.6737481,55.2968812,Kalate khij,14,گرمسار,544,35.2221321,52.3385276,Garmsar,14,مجن,545,36.4796519,54.6483772,Mojen,14,مهدی شهر,546,35.7108029,53.3555769,Mahdishahr,14,میامی,547,36.2472171,60.1270017,Maiamai,14,,,,,,,,,,,,,,,,,,,,,,,,,,,,,,,,,,,,,,,,,,,,,,,,,,,,,,,,,,,,,,,,,,,,,,,,,,,,,,,,,,,,,,,,,,,,,,,,,,,,,,,,,,,,,,,,,,,,,,,,,,,,,,,,,,,,,,,,,,,,,,,,,,,,,,,,,,,,,,,,,,,,,,,,,,,,,,,,,,,,,,,,,,,,,,,,,,,,,,,,,,,,,,,,,,,,,,,,,,,,,,,,,,,,,,,,,,,,,,,,,,,,,,,,,,,,,,,,,,,,,,,,,35.5834074,53.3882906,Semnan,,,,,,,,,,,,,,,,,,,,,,,,,,,,,,,,,,,,,,,,,,,,,,,,,,,,,,,,,,,,,,,,,,,,,,,,,,,,,,,,,,,,,,,,,,,,,,,,,,,,,,,,,,,,,,,,,,,,,,,,,,,,,,,,,,,,,,,,,,,,,,,,,,,,,,,,,,,,,,,,,,,,,,,,,,,,,,,,,,,,,,,,,,,,,,,,,,,,,,,,,,,,,,,,,,,,,,,,,,,,,,
15,سیستان و بلوچستان,ادیمی,548,31.1159553,61.4082693,Adimi,15,اسپکه,549,26.8384487,60.1725848,Espakeh,15,ایرانشهر,550,27.2069903,60.6882515,Iranshahr,15,بزمان,551,27.850547,60.1736164,Bazman,15,بمپور,552,27.1941781,60.4554816,Bampur,15,بنت,553,26.290834,59.5237216,Bent,15,بنجار,554,31.0428989,61.5682749,Bonjar,15,پیشین,555,26.0802335,61.7515585,Pishin,15,جالق,556,27.6033419,62.7097131,Jaleq,15,چابهار,557,28.5389065,60.7632378,Chabahar,15,خاش,558,28.2203911,61.2137052,Khash,15,دوست محمد,559,31.1427915,61.7909563,Dust Mohammad,15,راسک,560,26.2368044,61.3987716,Rasak,15,زابل,561,32.3068942,67.129904,Zabul,15,زابلی,562,35.6809077,51.3597437,Zaboli,15,زاهدان,563,28.8977585,57.8792,Zahedan,15,زهک,564,30.8932189,61.6827311,Zehak,15,سراوان,565,34.0899476,45.9860557,Saravan,15,سرباز,566,26.6321167,61.2570288,Sarbaz,15,سوران,567,27.288866300000002,62.003235133081795,Suran,15,سیرکان,568,26.830089,62.6388773,Sirkan,15,علی اکبر,569,35.510864,51.1525162,Ali Akbar,15,فنوج,570,26.575768,59.6398773,Fanuj,15,قصرقند,571,26.231489500000002,60.74725642598839,Qasr-e Qand,15,کنارک,572,27.33150755,53.2069503778452,Konarak,15,گشت,573,37.195911949999996,49.30688079368753,Gasht,15,گلمورتی,574,27.4809916,59.4483063,Golmorti,15,محمدان,575,27.2023277,60.5616428,Mohammadan,15,محمدآباد,576,33.4601737,48.6490863,Mohammadabad,15,محمدی,577,27.334289,62.391132849243654,Mohammadi,15,میرجاوه,578,29.0149246,61.4540744,Mirjaveh,15,نصرت آباد,579,37.4388801,59.1645174,Nosratabad,15,نگور,580,25.3889117,61.1390842,Negur,15,نوک آباد,581,28.5400131,60.7597704,Nukabad,15,نیک شهر,582,26.2256,60.2122,Nikshahr,15,هیدوچ,583,27.0005081,62.116917,Hiduj,15,,,,,,,,,,,,,,,,,,,,,,,,,,,,,,,,,,,,,,,,,,,,,,,,,,,,,,,,,,,,,,,,,,,,,,,,,,,,,,,,,,,,,,,,,,,,,,,,,,,,,,,,,,,,,,,,,,,,,,,,,,,,,,,,,,,,,,,,,,,,,,,,,,,,,,,28.1292481,60.8236848,Sistan and Baluchestan,,,,,,,,,,,,,,,,,,,,,,,,,,,,,,,,,,,,,,,,,,,,,,,,,,,,,,,,,,,,,,,,,,,,,,,,,,,,,,,,,,,,,,,,,,,,,,,,,,,,,,,,,,,,,,,,,,,,,,,,,,,,,,,,,,,,,,,,,,,,,,,,,,,,,,,,,,,,,,,,,,,,,,,,,,,,,,,,,,,,,,,,,,,,,,,,,,,,,,,,,,,,,,,,,,,,,,,,,,,,,,
16,فارس,اردکان,584,32.3063333,54.0159678,Ardakan,16,ارسنجان,585,29.914968,53.3089761,Arsanjan,16,استهبان,586,29.1252321,54.0405113,Estahban,16,اشکنان,587,27.2218581,53.6163045,Eshkanan,16,افزر,588,28.3468462,52.9664812,Efzar,16,اقلید,589,30.8925778,52.688496,Eghlid,16,امام شهر,590,29.9191475,53.287633,Emam Shahr,16,اهل,591,27.2112114,53.6588384,Ahel,16,اوز,592,36.1960476,51.6659318,Evaz,16,ایج,593,29.0232949,54.246120778683704,Ij,16,ایزدخواست,594,35.6923384,51.4463174,Izadkhast,16,آباده,595,30.9477854,50.909593,Abadeh,16,آباده طشک,596,29.8078337,53.7268534,Abadeh Tashk,16,باب انار,597,28.97229995,53.20067114690388,Bab Anar,16,بالاده,598,29.2869221,51.9394109,Baladeh,16,بنارویه,599,28.0832919,54.0467988,Banaruiyeh,16,بهمن,600,36.14617,58.8099054,Bahman,16,بوانات,601,30.4738825,53.6228281,Bavanat,16,بیرم,602,27.4298807,53.5141478,Beyram,16,بیضا,603,30.008388,52.3584413,Beyza,16,جنت شهر,604,28.6548665,54.6837567,Jannat Shahr,16,جهرم,605,34.1064588,49.7098987,Jahrom,16,جویم,606,28.2529474,53.9829116,Juyom,16,زرین دشت,607,35.57041,52.6036279,Zarindasht,16,حسن آباد,608,33.3782113,50.0589311,Hasan Abad,16,خان زنیان,609,29.6717432,52.15202,Kane Zenian,16,خاوران,610,28.937829,53.3147706,Khavaran,16,خرامه,611,29.498294,53.3122486,Kharameh,16,خشت,612,29.5679441,51.3395311,Khesht,16,خنج,613,33.8518131,58.6872443,Khonj,16,خور,614,46.854747,9.5264904,Chur,16,داراب,615,37.8695675,47.254714,Darab,16,داریان,616,38.2190433,45.6297445,Daryan,16,دبیران,617,28.4064149,54.1884143,Dabiran,16,دژکرد,618,30.7231669,51.954873,Dezhkord,16,دهرم,619,28.4921165,52.3036835,Dehram,16,دوبرجی,620,34.1132,47.082,Doborji,16,رامجرد,621,30.0755424,52.592567,Ramjerd,16,رونیز,622,29.1904364,53.7674276,Roniz,16,زاهدشهر,623,28.7484346,53.8041063,Zahedshahr,16,زرقان,624,29.774274,52.7215709,Zarqan,16,سده,625,30.7101418,52.1742262,Sedeh,16,سروستان,626,29.2721889,53.22157,Sarvestan,16,سعادت شهر,627,30.0797928,53.1358118,Saadat Shahr,16,سورمق,628,31.0338723,52.8397513,Surmaq,16,سیدان,629,30.0045006,53.0060452,Seyedan,16,ششده,630,28.9486348,53.9955053,Sheshdeh,16,شهرپیر,631,28.25472515,54.308476674823865,Shahr-e Pir,16,صدرا,632,29.8153909,52.4748633,Sadra,16,شیراز,633,29.6060218,52.5378041,Shiraz,16,صغاد,634,31.1915603,52.5155699,Soghad,16,صفاشهر,635,30.6114269,53.1912987,Safashahr,16,علامرودشت,636,27.6248362,52.9976097,Alamarvdasht,16,فدامی,637,28.2155252,55.133631,Fadami,16,فراشبند,638,28.8553783,52.0946443,Farashband,16,فسا,639,28.9366395,53.6510677,Fasa,16,فیروزآباد,640,28.845604,52.5727236,Firuzabad,16,قائمیه,641,36.554444,52.7723269,Qaemyeh,16,قادرآباد,642,30.2742465,53.2686602,Qaderabad,16,قطب آباد,643,28.8763685,58.4728677,QotbAbad,16,قطرویه,644,29.1461299,54.7027042,Qatruyeh,16,29.299051,53.218456,Fars,قیر,645,28.482802,53.0357558,Qir,16,کارزین,646,28.4097651,53.106353,Karzin,16,کازرون,647,29.6203251,51.6520826,Kazerun,16,کامفیروز,648,30.3222845,52.1932593,Kamfiruz,16,کره ای,649,29.5938759,51.3788621,Korehi,16,کنارتخته,650,29.5327812,51.3960796,Konartakhteh,16,کوار,651,29.2003014,52.6926076,Kavar,16,گراش,652,27.67743775,54.134877272168154,Gerash,16,گله دار,653,27.6633591,52.6611102,Galehdar,16,لار,654,27.6619203,54.3229561,Lar,16,لامرد,655,27.34089055,53.18240261890401,Lamerd,16,لپویی,656,29.80312655,52.641864525386424,Lapuee,16,لطیفی,657,27.6900779,54.38714,Latifi,16,مبارک‌آباد,658,28.358979,53.327681,Mobarakabad,16,مرودشت,659,29.8762905,52.8062895,Marvdasht,16,مشکان,660,29.4764819,54.3343068,Meshkan,16,مصیری,661,30.2443946,51.5241743,Masiri,16,مهر,662,36.2919136,57.1487478,MeHR,16,میمند,663,28.8666095,52.7485061,Meimand,16,نوبندگان,664,28.8545602,53.8259023,Now Bandegan,16,نوجین,665,29.1225372,52.0151013,Nowjein,16,نودان,666,29.8019495,51.6935995,Nudān,16,نورآباد,667,34.07252,47.9730368,Nurabad,16,نی ریز,668,29.2545228,54.366049792621084,Neyriz,16,وراوی,669,27.4668628,53.0501495,Varavi,16,,,,,,,,,,,,,,,,,,,,,,,,,,,,,,,,,,,,,,,,,,,,,,,,,,,,,,,,,,,,,,,,,,,,,,,,
17,قزوین,ارداق,670,36.0531207,49.8249049,Ardaq,17,اسفرورین,671,35.9353304,49.7479887,Esfarvarin,17,اقبالیه,672,36.2538939,58.5739908,Eqbaliyeh,17,الوند,673,31.7497331,59.8790077,Alvand,17,آبگرم,674,36.9834857,47.0143708,Abgarm,17,آبیک,675,36.0416927,50.5320519,Abyek,17,آوج,676,35.5787119,49.2235559,Avaj,17,بوئین زهرا,677,35.7679957,50.0579667,Boinzahra,17,بیدستان,678,35.5188671,59.1580197,Bidestan,17,تاکستان,679,36.0726006,49.6937027,Takestan,17,خاکعلی,680,36.1285497,50.1758838,Khak Ali,17,خرمدشت,681,33.8518757,51.5794339,Khorramdasht,17,دانسفهان,682,35.811396,49.7420921,Danesfahan,17,رازمیان,683,36.5411254,50.2117178,Razmian,17,سگزآباد,684,35.7739115,49.9362308,Sagzabad,17,سیردان,685,36.6466238,49.1917414,Sirdan,17,شال,686,37.3429513,47.3465801,Shal,17,شریفیه,687,36.2135701,50.1532034,Sharifiyeh,17,ضیاآباد,688,36.9640176,54.7697499,Ziaabad,17,قزوین,689,36.289444,50.008611,Qazvin,17,کوهین,690,36.3701265,49.6631317,Kuhin,17,محمدیه,691,33.6958383,-7.3893292,Mohammedia,17,محمودآباد نمونه,692,36.2898869,49.9005962,MahmudAbad Nemoneh,17,معلم کلایه,693,36.451748,50.4753083,Moalem Kelaye,17,نرجه,694,35.9909852,49.6245427,Narje,17,,,,,,,,,,,,,,,,,,,,,,,,,,,,,,,,,,,,,,,,,,,,,,,,,,,,,,,,,,,,,,,,,,,,,,,,,,,,,,,,,,,,,,,,,,,,,,,,,,,,,,,,,,,,,,,,,,,,,,,,,,,,,,,,,,,,,,,,,,,,,,,,,,,,,,,,,,,,,,,,,,,,,,,,,,,,,,,,,,,,,,,,,,,,,,,,,,,,,,,,,,,,,,,,,,,,,,,,,36.0156291,49.8398161,Qazvin,,,,,,,,,,,,,,,,,,,,,,,,,,,,,,,,,,,,,,,,,,,,,,,,,,,,,,,,,,,,,,,,,,,,,,,,,,,,,,,,,,,,,,,,,,,,,,,,,,,,,,,,,,,,,,,,,,,,,,,,,,,,,,,,,,,,,,,,,,,,,,,,,,,,,,,,,,,,,,,,,,,,,,,,,,,,,,,,,,,,,,,,,,,,,,,,,,,,,,,,,,,,,,,,,,,,,,,,,,,,,,
18,قم,جعفریه,695,34.7747682,50.5164348,Jafariyeh,18,دستجرد,696,37.6917452,45.059709,Dastjerd,18,سلفچگان,697,34.4783955,50.4577101,Salafchegan,18,قم,698,34.6422939,50.8801184,Qom,18,قنوات,699,34.6136599,51.0246432,Qanavat,18,کهک,700,34.1805095,50.3336351,Kahak,18,,,,,,,,,,,,,,,,,,,,,,,,,,,,,,,,,,,,,,,,,,,,,,,,,,,,,,,,,,,,,,,,,,,,,,,,,,,,,,,,,,,,,,,,,,,,,,,,,,,,,,,,,,,,,,,,,,,,,,,,,,,,,,,,,,,,,,,,,,,,,,,,,,,,,,,,,,,,,,,,,,,,,,,,,,,,,,,,,,,,,,,,,,,,,,,,,,,,,,,,,,,,,,,,,,,,,,,,,,,,,,,,,,,,,,,,,,,,,,,,,,,,,,,,,,,,,,,,,,,,,,,,,,,,,,,,,,,,,,,,,,,,,,,,,,,,,,,,,,,,,,,,,,,,,,,,,,,,,,,,,,,,,,,,,,,34.6422939,50.8801184,Qom,,,,,,,,,,,,,,,,,,,,,,,,,,,,,,,,,,,,,,,,,,,,,,,,,,,,,,,,,,,,,,,,,,,,,,,,,,,,,,,,,,,,,,,,,,,,,,,,,,,,,,,,,,,,,,,,,,,,,,,,,,,,,,,,,,,,,,,,,,,,,,,,,,,,,,,,,,,,,,,,,,,,,,,,,,,,,,,,,,,,,,,,,,,,,,,,,,,,,,,,,,,,,,,,,,,,,,,,,,,,,,
19,البرز,اسارا,701,36.036872,51.1954666,Asara,19,اشتهارد,702,35.7234469,50.3670608,Eshtehard,19,تنکمان,703,35.8906652,50.6156142,Tankaman,19,چهارباغ,704,35.8394861,50.8480555,Chaharbagh,19,سعید آباد,705,37.9500343,46.5829703,Sayidabad,19,شهر جدید هشتگرد,706,35.9953399,50.7267844,Mehestan,19,طالقان,707,36.177868,50.7655155,Taleqan,19,کرج,708,35.8224892,50.9904681,Karaj,19,کمال شهر,709,35.8624842,50.880468,Kamalshahr,19,کوهسار,710,35.9627157,50.7920955,Kuhsar,19,گرمدره,711,35.7510396,51.066017,Garmdarreh,19,ماهدشت,712,35.729757,50.8109893,Mahdasht,19,محمدشهر,713,35.7527246,50.9039864,Mohammad Shahr,19,مشکین دشت,714,35.7509589,50.9420738,Meshkin Dasht,19,نظرآباد,715,30.9430024,50.9118891,Nazarabad,19,هشتگرد,716,37.9473946,46.1244362,Hashtgerd,19,فردیس,717,35.786678,51.0025585,Karaj,19,مارلیک,718,37.282571,49.5814296,Marlik,19,کردان,719,29.008605,57.4452216,Kordan,19,ساوجبلاغ,720,37.5924393,47.9782103,Savojbolagh,19,تهران دشت,721,35.905688,50.742687,Tehran Dasht,19,,,,,,,,,,,,,,,,,,,,,,,,,,,,,,,,,,,,,,,,,,,,,,,,,,,,,,,,,,,,,,,,,,,,,,,,,,,,,,,,,,,,,,,,,,,,,,,,,,,,,,,,,,,,,,,,,,,,,,,,,,,,,,,,,,,,,,,,,,,,,,,,,,,,,,,,,,,,,,,,,,,,,,,,,,,,,,,,,,,,,,,,,,,,,,,,,,,,,,,,,,,,,,,,,,,,,,,,,,,,,,,,,,,,,,,,,,,,,,,,,35.9413239,50.7884216,Alborz,,,,,,,,,,,,,,,,,,,,,,,,,,,,,,,,,,,,,,,,,,,,,,,,,,,,,,,,,,,,,,,,,,,,,,,,,,,,,,,,,,,,,,,,,,,,,,,,,,,,,,,,,,,,,,,,,,,,,,,,,,,,,,,,,,,,,,,,,,,,,,,,,,,,,,,,,,,,,,,,,,,,,,,,,,,,,,,,,,,,,,,,,,,,,,,,,,,,,,,,,,,,,,,,,,,,,,,,,,,,,,
20,کردستان,آرمرده,722,35.931781,45.7966561,Armardeh,20,بابارشانی,723,35.6794083,47.7985162,Babarashani,20,بانه,724,35.983333,45.816667,Baneh,20,بلبان آباد,725,35.1406,47.321,Bolbolanabad,20,بوئین سفلی,726,35.9383195,45.9348089,Bu'in-e Sofla,20,بیجار,727,35.87342035,47.60509546647435,Bijar,20,چناره,728,36.1443,46.572,Chenar,20,دزج,729,35.0641194,47.9661961,Dezej,20,دلبران,730,35.2446523,47.9869563,Delbaran,20,دهگلان,731,35.280039,47.4189871,Dehgolan,20,دیواندره,732,35.916470200000006,47.02800434340727,Divandarreh,20,زرینه,733,36.0602,47.1508,Zarrineh-ye,20,سروآباد,734,36.5169928,59.3905912,Sarvabad,20,سریش آباد,735,35.2478257,47.778892,Serishabad,20,سقز,736,36.2427456,46.2705227,Saqqez,20,سنندج,737,35.3126047,46.9978639,Sanandaj,20,شویشه,738,35.3560249,46.677491721352474,Shoveysheh,20,صاحب,739,36.2017503,46.4610855,Saheb,20,قروه,740,34.7626549,47.5487874,Qorveh,20,کامیاران,741,34.7974315,46.9361058,Kamyaran,20,کانی دینار,742,35.4644364,46.208135,Kani Dinar,20,کانی سور,743,36.0583,45.7481,Kani Sur,20,مریوان,744,35.5219063,46.1758889,Marivan,20,موچش,745,35.0574727,47.1525037,Muchesh,20,یاسوکند,746,36.2843531,47.746568,Yasukand,20,,,,,,,,,,,,,,,,,,,,,,,,,,,,,,,,,,,,,,,,,,,,,,,,,,,,,,,,,,,,,,,,,,,,,,,,,,,,,,,,,,,,,,,,,,,,,,,,,,,,,,,,,,,,,,,,,,,,,,,,,,,,,,,,,,,,,,,,,,,,,,,,,,,,,,,,,,,,,,,,,,,,,,,,,,,,,,,,,,,,,,,,,,,,,,,,,,,,,,,,,,,,,,,,,,,,,,,,,35.672803,47.0124376,Kurdistan,,,,,,,,,,,,,,,,,,,,,,,,,,,,,,,,,,,,,,,,,,,,,,,,,,,,,,,,,,,,,,,,,,,,,,,,,,,,,,,,,,,,,,,,,,,,,,,,,,,,,,,,,,,,,,,,,,,,,,,,,,,,,,,,,,,,,,,,,,,,,,,,,,,,,,,,,,,,,,,,,,,,,,,,,,,,,,,,,,,,,,,,,,,,,,,,,,,,,,,,,,,,,,,,,,,,,,,,,,,,,,
21,کرمان,اختیارآباد,747,30.3276538,56.9247177,EkhtiarAbad,21,ارزوئیه,748,28.4568592,56.3634502,Arzuiyeh,21,امین شهر,749,30.8419668,55.3413062,Aminshahr,21,انار,750,30.8723337,55.2716302,Anar,21,اندوهجرد,751,30.2315368,57.751371,Anduhjerd,21,باغین,752,30.187107,56.8176548,Baghein,21,بافت,753,29.2356229,56.6059046,Baft,21,بردسیر,754,29.9283973,56.5717384,Bardsir,21,بروات,755,29.0661863,58.404499,Baravat,21,بزنجان,756,29.2513403,56.6995331,Bezenjan,21,بم,757,29.1059864,58.3565663,Bam,21,بهرمان,758,30.9034647,55.7289235,Bahreman,21,پاریز,759,29.8735063,55.7493447,Pariz,21,جبالبارز,760,28.9071346,57.8852472,Jebalbarez,21,جوپار,761,29.9107857,57.2013751,Joupar,21,جوزم,762,30.5167659,55.0329444,Jowzam,21,جیرفت,763,28.6697367,57.7373382,Jiroft,21,چترود,764,30.6012065,56.9087704,Chatroud,21,خاتون آباد,765,30.0077147,55.4204993,Khatunabad,21,خانوک,766,30.7174008,56.77589,Khanook,21,خورسند,767,27.9807649,53.7356592,Khorsand,21,درب بهشت,768,29.2331911,57.3371829,Darb-e Behesht,21,دهج,769,30.6907903,54.8777097,Dehaj,21,رابر,770,29.2907749,56.914165,Rabor,21,راور,771,31.2676737,56.8069974,Ravar,21,راین,772,29.5981294,57.4364877,Rayen,21,رفسنجان,773,30.3977034,55.99061815731841,Rafsanjan,21,رودبار,774,36.8219055,49.4268249,Rudbar,21,ریحان شهر,775,30.7452118,56.7310201,Reyhan Shahr,21,زرند,776,30.8134822,56.5672432,Zarand,21,زنگی آباد,777,30.0566111,55.1137444,Zangiabad,21,زیدآباد,778,29.6004426,55.5367771,Zeidabad,21,سیرجان,779,29.4458687,55.6704717,Sirjan,21,شهداد,780,30.4196387,57.7023666,Shahdad,21,شهربابک,781,30.1362593,55.122642783333205,Shahrebabak,21,صفائیه,782,30.8265371,55.8105318,Safayyeh,21,عنبرآباد,783,28.4779105,57.844051,Anbarabad,21,فاریاب,784,27.4703517,57.0805811,Faryab,21,فهرج,785,31.7633161,54.5796666,Fahraj,21,قلعه گنج,786,27.5239005,57.8771387,Qaleh Ganj,21,کاظم آباد,787,30.5674028,56.844081,KazemAbad,21,کرمان,788,30.2924085,57.0645647,Kerman,21,کشکوئیه,789,30.5263201,55.6424426,Koshkuiyeh,21,کهنوج,790,27.9502255,57.7025775,Kahnuj,21,کوهبنان,791,31.4100681,56.2825998,Kouhbanan,21,کیانشهر,792,36.8584431,54.4286965,Kianshahr,21,گلباف,793,31.9359272,54.3248416,Golbaf,21,گلزار,794,29.7111348,57.0372966,Golzar,21,لاله زار,795,29.5230978,56.8158055,Lalezar,21,ماهان,796,30.0536359,57.2883027,Mahan,21,محمدآباد,797,33.4601737,48.6490863,Mohammadabad,21,محی آباد,798,30.4919087,55.9598218,Mohiabad,21,مردهک,799,28.3517264,58.1586637,Mardehek,21,مس سرچشمه,800,29.9969927,55.7961096,Mes-e Sarcheshmeh,21,منوجان,801,27.4014947,57.4949725,Manoujan,21,نجف شهر,802,29.3897031,55.7203011,Najafshahr,21,نرماشیر,803,28.9513934,58.6963456,Narmashir,21,نظام شهر,804,28.915423599999997,58.55057516779594,NezamShahr,21,نگار,805,29.8575198,56.8004242,Negar,21,نودژ,806,27.5256296,57.454475,Nowdezh,21,هجدک,807,30.7594357,57.0039838,Hojedk,21,30.2924085,57.0645647,Kerman,یزدان شهر,808,30.8653247,56.3647809,Yazdanshahr,21,,,,,,,,,,,,,,,,,,,,,,,,,,,,,,,,,,,,,,,,,,,,,,,,,,,,,,,,,,,,,,,,,,,,,,,,,,,,,,,,,,,,,,,,,,,,,,,,,,,,,,,,,,,,,,,,,,,,,,,,,,,,,,,,,,,,,,,,,,,,,,,,,,,,,,,,,,,,,,,,,,,,,,,,,,,,,,,,,,,,,,,,,,,,,,,,,,,,,,,,,,,,,,,,,,,,,,,,
22,کرمانشاه,ازگله,809,34.8322142,45.8424966,Ezgeleh,22,اسلام آباد غرب,810,34.0917135,46.5075945,Eslamabad-e-Gharb,22,باینگان,811,34.9813,46.2709,Bayangan,22,بیستون,812,34.3995692,47.4448343,Bisotun,22,پاوه,813,35.0458307,46.3622191,Paveh,22,تازه آباد,814,36.0687,46.7531,Tazehabad,22,جوان رود,815,34.7961,46.5172,Javanrud,22,حمیل,816,33.9376399,46.7736717,Hameyl,22,ماهیدشت,817,34.2677638,46.8003223,Mahidasht,22,روانسر,818,34.7161309,46.6508369,Ravansar,22,سرپل ذهاب,819,34.45931455,45.8659790797641,Sarpol-e Zahab,22,سرمست,820,34.505278,47.841111,Srmast,22,سطر,821,34.813333,47.459167,Satar,22,سنقر,822,36.5577957,48.1968779,Sonqor,22,سومار,823,33.8862053,45.6388242,Sumar,22,شاهو,824,35.1,46.4,Shaho,22,صحنه,825,34.4812132,47.6935934,Sahneh,22,قصرشیرین,826,34.5119,45.5772,Qasreshirin,22,کرمانشاه,827,34.3239414,47.0735891,Kermanshah,22,کرندغرب,828,34.2719359,46.2285895,Kerend-e Gharb,22,کنگاور,829,34.5051774,47.9658794,kangavar,22,کوزران,830,34.4965,46.599,Kuzaran,22,گهواره,831,34.344125,46.417181,Gahvareh,22,گیلانغرب,832,34.1411088,45.9140759,Gilan-e Gharb,22,میان راهان,833,34.5843,47.442,Mian Rahan,22,نودشه,834,35.1808,46.2544,Nowdeshah,22,نوسود,835,35.1612676,46.2042463,Nowsud,22,هرسین,836,35.2036778,46.5580635,Harsin,22,هلشی,837,34.1105266,47.0894855,Halashi,22,,,,,,,,,,,,,,,,,,,,,,,,,,,,,,,,,,,,,,,,,,,,,,,,,,,,,,,,,,,,,,,,,,,,,,,,,,,,,,,,,,,,,,,,,,,,,,,,,,,,,,,,,,,,,,,,,,,,,,,,,,,,,,,,,,,,,,,,,,,,,,,,,,,,,,,,,,,,,,,,,,,,,,,,,,,,,,,,,,,,,,,,,,,,,,,,,34.3239414,47.0735891,Kermanshah,,,,,,,,,,,,,,,,,,,,,,,,,,,,,,,,,,,,,,,,,,,,,,,,,,,,,,,,,,,,,,,,,,,,,,,,,,,,,,,,,,,,,,,,,,,,,,,,,,,,,,,,,,,,,,,,,,,,,,,,,,,,,,,,,,,,,,,,,,,,,,,,,,,,,,,,,,,,,,,,,,,,,,,,,,,,,,,,,,,,,,,,,,,,,,,,,,,,,,,,,,,,,,,,,,,,,,,,,,,,,,
23,کهگیلویه و بویراحمد,باشت,838,30.3610498,51.1575225,Basht,23,پاتاوه,839,31.0017028,50.2819621,Pataveh,23,چرام,840,30.750813,50.7419101,Charam,23,چیتاب,841,30.7942097,51.327525,Chitab,23,دهدشت,842,30.7923985,50.562923,Dehdasht,23,دوگنبدان,843,36.6418133,53.2936513,Dogonbadan,23,دیشموک,844,31.2969774,50.4022724,Dishmuk,23,سوق,845,30.8608561,50.4565101,Suq,23,سی سخت,846,30.8630661,51.4557071,Sisakht,23,قلعه رئیسی,847,31.1905312,50.4413014,Qal'eh Raisi,23,گراب سفلی,848,30.9426038,50.8983137,Garab-e Sofla,23,لنده,849,30.9795975,50.4238799,Landeh,23,لیکک,850,30.8924843,50.0917097,Likak,23,مادوان,851,28.7546494,54.2604227,Madevan,23,مارگون,852,30.9921088,51.0829701,Margun,23,یاسوج,853,30.6681785,51.581916,Yasuj,23,,,,,,,,,,,,,,,,,,,,,,,,,,,,,,,,,,,,,,,,,,,,,,,,,,,,,,,,,,,,,,,,,,,,,,,,,,,,,,,,,,,,,,,,,,,,,,,,,,,,,,,,,,,,,,,,,,,,,,,,,,,,,,,,,,,,,,,,,,,,,,,,,,,,,,,,,,,,,,,,,,,,,,,,,,,,,,,,,,,,,,,,,,,,,,,,,,,,,,,,,,,,,,,,,,,,,,,,,,,,,,,,,,,,,,,,,,,,,,,,,,,,,,,,,,,,,,,,,,,,,,,,,,,,,,,30.8143476,50.8661454,Kohgiluye and Buyer Ahmad,,,,,,,,,,,,,,,,,,,,,,,,,,,,,,,,,,,,,,,,,,,,,,,,,,,,,,,,,,,,,,,,,,,,,,,,,,,,,,,,,,,,,,,,,,,,,,,,,,,,,,,,,,,,,,,,,,,,,,,,,,,,,,,,,,,,,,,,,,,,,,,,,,,,,,,,,,,,,,,,,,,,,,,,,,,,,,,,,,,,,,,,,,,,,,,,,,,,,,,,,,,,,,,,,,,,,,,,,,,,,,
24,گلستان,انبارآلوم,854,37.137102,54.6189997,Anbarolum,24,اینچه برون,855,37.4553436,54.7183338,Incheboron,24,آزادشهر,856,36.331129,59.5399517,Azadshahr,24,آق قلا,857,37.0134841,54.4576664,Aghghala,24,بندرترکمن,858,36.909722,54.113611,Bandar-e Torkman,24,بندرگز,859,36.7719958,53.9481369,Bandar-e Gaz,24,جلین,860,36.8502904,54.53508165584597,Jelin,24,خان ببین,861,37.0125489,54.985773,Khanbebin,24,دلند,862,37.0355462,55.0492231,Daland,24,رامیان,863,37.0150484,55.1424163,Ramian,24,سرخنکلاته,864,36.8924801,54.5690723,Sorkhankalateh,24,سیمین شهر,865,37.0112938,54.2317085,Siminshahr,24,علی آباد کتول,866,36.9083415,54.8675871,Aliabad-e Katul,24,فاضل آباد,867,36.6061007,58.4899938,Fazelabad,24,کردکوی,868,36.7930696,54.112584537826336,Kordkuy,24,کلاله,869,37.3756726,55.4932947,Kalaleh,24,گالیکش,870,37.2719444,55.4325,Galikash,24,گرگان,871,36.8392776,54.4320858,Gorgan,24,گمیش تپه,872,37.070099,54.0770422,Gumish Tappe,24,گنبدکاووس,873,35.7065519,51.4553993,Gonbad-e Kavus,24,مراوه,874,37.9042755,55.9549173,Marava tappeh,24,مینودشت,875,37.2288889,55.3747222,Minudasht,24,نگین شهر,876,37.41079775,46.26411052444183,Neginshahr,24,نوده خاندوز,877,37.0763889,55.2625,Nowdeh Khanduz,24,نوکنده,878,36.7400119,53.9094891,Nokandeh,24,,,,,,,,,,,,,,,,,,,,,,,,,,,,,,,,,,,,,,,,,,,,,,,,,,,,,,,,,,,,,,,,,,,,,,,,,,,,,,,,,,,,,,,,,,,,,,,,,,,,,,,,,,,,,,,,,,,,,,,,,,,,,,,,,,,,,,,,,,,,,,,,,,,,,,,,,,,,,,,,,,,,,,,,,,,,,,,,,,,,,,,,,,,,,,,,,,,,,,,,,,,,,,,,,,,,,,,,,37.1984436,55.070672,Golestan,,,,,,,,,,,,,,,,,,,,,,,,,,,,,,,,,,,,,,,,,,,,,,,,,,,,,,,,,,,,,,,,,,,,,,,,,,,,,,,,,,,,,,,,,,,,,,,,,,,,,,,,,,,,,,,,,,,,,,,,,,,,,,,,,,,,,,,,,,,,,,,,,,,,,,,,,,,,,,,,,,,,,,,,,,,,,,,,,,,,,,,,,,,,,,,,,,,,,,,,,,,,,,,,,,,,,,,,,,,,,,
25,لرستان,ازنا,879,33.6096295,48.9302521,Azna,25,اشترینان,880,34.0166865,48.6426479,Oshtorinan,25,الشتر,881,33.8627885,48.2619601,Aleshtar,25,الیگودرز,882,33.4035124,49.6921874,Aligudarz,25,بروجرد,883,33.8943281,48.7560936,Borujerd,25,پلدختر,884,33.3326,48.0256,Poldokhtar,25,چالانچولان,885,33.6652163,48.9070691,Chalanchulan,25,چغلوندی,886,33.647584,48.561754,Chaghalvandi,25,چقابل,887,33.281147700000005,47.50933787951992,Chaqabol,25,خرم آباد,888,37.4193448,45.0837407,Khorramabad,25,درب گنبد,889,33.6904944,47.1502234,Darb-e Gonbad,25,دورود,890,36.9622805,45.0198815,Dorud,25,زاغه,891,33.4999202,48.7059909,Zagheh,25,سپیددشت,892,33.2183987,48.882817,Sepiddasht,25,سراب دوره,893,33.5636959,48.0225482,Sarāb-e Dowreh,25,فیروزآباد,894,28.845604,52.5727236,Firuzabad,25,کونانی,895,33.5364791,47.6038351,Kuhnani,25,کوهدشت,896,33.52974155,47.606896025803756,Kuhdasht,25,گراب,897,33.4853061,48.489661,Garab,25,معمولان,898,33.3797253,47.9604832,Mamulan,25,مومن آباد,899,29.9219577,56.4588056,Momenabad,25,نورآباد,900,34.07252,47.9730368,Nurabad,25,ویسیان,901,33.4866325,48.0304375,Veysian,25,,,,,,,,,,,,,,,,,,,,,,,,,,,,,,,,,,,,,,,,,,,,,,,,,,,,,,,,,,,,,,,,,,,,,,,,,,,,,,,,,,,,,,,,,,,,,,,,,,,,,,,,,,,,,,,,,,,,,,,,,,,,,,,,,,,,,,,,,,,,,,,,,,,,,,,,,,,,,,,,,,,,,,,,,,,,,,,,,,,,,,,,,,,,,,,,,,,,,,,,,,,,,,,,,,,,,,,,,,,,,,,,,,,,,33.5368206,48.2443945,Lorestan,,,,,,,,,,,,,,,,,,,,,,,,,,,,,,,,,,,,,,,,,,,,,,,,,,,,,,,,,,,,,,,,,,,,,,,,,,,,,,,,,,,,,,,,,,,,,,,,,,,,,,,,,,,,,,,,,,,,,,,,,,,,,,,,,,,,,,,,,,,,,,,,,,,,,,,,,,,,,,,,,,,,,,,,,,,,,,,,,,,,,,,,,,,,,,,,,,,,,,,,,,,,,,,,,,,,,,,,,,,,,,
26,گیلان,احمدسرگوراب,902,37.135167550000006,49.37290005139745,Ahmad Sargurab,26,اسالم,903,37.720567,48.9583895,Asalem,26,اطاقور,904,37.1099647,50.1145061,Otaqvar,26,املش,905,37.0961905,50.1844452,Amlash,26,آستارا,906,38.4193239,48.8715278,Astara,26,آستانه اشرفیه,907,37.2607374,49.9456642,Astaneh-ye Ashrafiyeh,26,بازار جمعه,908,37.4058797,49.1199769,Bazar Jomeh,26,بره سر,909,36.7791256,49.752007,Barehsar,26,بندرانزلی,910,37.4592329,49.523213,Bandar Anzali,26,پره سر,911,37.6026842,49.0656917,Pareh sar,26,تالش,912,37.7974981,48.904184,Talesh,26,توتکابن,913,36.8928479,49.5276938,Tutkabon,26,جیرنده,914,36.7021301,49.7957151,Jirandeh,26,چابکسر,915,36.9743391,50.57079,Chaboksar,26,چاف و چمخاله,916,37.2462052,50.2477691,Chaf and Chamkhaleh,26,چوبر,917,38.1795115,48.892019,Chubar,26,حویق,918,38.1479478,48.8945515,Haviq,26,خشکبیجار,919,37.3742058,49.7581583,Khoshkebijar,26,خمام,920,37.3904902,49.6607472,Khomam,26,دیلمان,921,36.8884879,49.906745,Deylaman,26,رانکوه,922,37.0509408,50.2358103,Ranekouh,26,رحیم آباد,923,37.3818134,45.1239894,Rahimabad,26,رستم آباد,924,36.897394,49.4915717,Rostam Abad,26,رشت,925,37.2793607,49.5846102,Rasht,26,رضوانشهر,926,37.5479126,49.1395774,Rezvanshahr,26,رودبار,927,36.8219055,49.4268249,Rudbar,26,رودبنه,928,37.2548508,50.0039032,Roudboneh,26,رودسر,929,37.1381592,50.2927862,Rudsar,26,سنگر,930,37.179787,49.6947763,Sangar,26,سیاهکل,931,37.1521893,49.8716407,Siahkal,26,شفت,932,37.1716302,49.40218558546241,Shaft,26,شلمان,933,37.1559178,50.2161864,Shalman,26,صومعه سرا,934,35.7105336,51.4084108,Someh Sara,26,فومن,935,35.7051595,51.3876852,Fuman,26,کلاچای,936,37.0769158,50.3971953,Kala Chay,26,کوچصفهان,937,37.2787049,49.7721208,Kuchesfahan,26,کومله,938,37.1523678,50.1740681,Komoleh,26,کیاشهر,939,37.4188972,49.9488125,Kiashahr,26,گوراب زرمیخ,940,37.3021335,49.2208733,Gorabzarmikh,26,لاهیجان,941,37.2060727,50.0028774,Lahijan,26,لشت نشا,942,37.360129650000005,49.8668572536712,Lasht-e Nesha,26,لنگرود,943,37.1955948,50.1529566,Langarud,26,لوشان,944,36.6279334,49.5162305,Lowshan,26,لولمان,945,37.2551709,49.8150112,Loleman,26,لوندویل,946,38.3082625,48.8675037,Lavandevil,26,لیسار,947,37.958973,48.9082044,Lisar,26,ماسال,948,37.3640801,49.1328792,Masal,26,ماسوله,949,37.1551276,48.9899692,Masouleh,26,مرجقل,950,37.2761076,49.37639,Tolam Shahr,26,منجیل,951,36.7448499,49.4000305,Manjil,26,واجارگاه,952,37.03829,50.4058965,Vajargah,26,زیباکنار,953,37.4345023,49.8780892,Zibakenar,26,پیربازار,954,37.3420574,49.5471642,Pirbazar,26,,,,,,,,,,,,,,,,,,,,,,,,,,,,,,,,,,,,,,,,,,,,,,,,,32.0245475,49.8835068,گیلان,,,,,,,,,,,,,,,,,,,,,,,,,,,,,,,,,,,,,,,,,,,,,,,,,,,,,,,,,,,,,,,,,,,,,,,,,,,,,,,,,,,,,,,,,,,,,,,,,,,,,,,,,,,,,,,,,,,,,,,,,,,,,,,,,,,,,,,,,,,,,,,,,,,,,,,,,,,,,,,,,,,,,,,,,,,,,,,,,,,,,,,,,,,,,,,,,,,,,,,,,,,,,,,,,,,,,,,,,,,,,,
27,مازندران,امیرکلا,955,36.6001749,52.6625614,Amirkola,27,ایزدشهر,956,36.5987867,52.135172,Izadshahr,27,آلاشت,957,36.066319,52.8366338,Alasht,27,آمل,958,36.4718947,52.3499009,Amol,27,بابل,959,32.544713200000004,44.431814334435785,Babylon,27,بابلسر,960,36.7008777,52.6481047,Babolsar,27,بلده,961,36.202753,51.8089289,Baladeh,27,بهشهر,962,36.6912955,53.5432769,Behshahr,27,بهنمیر,963,36.6702899,52.7620524,Bahnemir,27,پل سفید,964,31.3234407,48.6777204,Sefid Bridge,27,تنکابن,965,36.8154324,50.8787003,Tonekabon,27,جویبار,966,36.6400238,52.9100038,Joybar,27,چالوس,967,36.6506329,51.4223717,Chalus,27,چمستان,968,36.4773762,52.1167325,Chamestan,27,خرم آباد,969,37.4193448,45.0837407,Khorramabad,27,خلیل شهر,970,36.7013487,53.6402049,Khalil Shahr,27,خوش رودپی,971,36.3900109,52.5693646,Khush Rudpey,27,دابودشت,972,36.4792745,52.4496747,Daboodasht,27,رامسر,973,36.9225518,50.6431897,Ramsar,27,رستمکلا,974,36.6872269,53.4123632,Rostamkola,27,رویان,975,36.5694026,51.9617002,Royan,27,رینه,976,35.8819792,52.1697254,Rineh,27,زرگرمحله,977,36.52680945,52.61966859028014,Zargarmahalleh,27,زیرآب,978,36.1797175,52.9770067,Zirab,27,ساری,979,36.5659626,53.0586327,Sari,27,سرخرود,980,36.6712757,52.4492344,Sorkhrud,27,سلمان شهر,981,36.7050537,51.1960013,Salman Shahr,27,سورک,982,36.5339258,53.7201459,Surak,27,شیرگاه,983,36.3004288,52.8815857,Shirgah,27,شیرود,984,36.8495832,50.7909086,Shirud,27,عباس آباد,985,28.5600266,57.8476016,Abbasabad,27,فریدونکنار,986,36.6830883,52.5217808,Fereydunkenar,27,فریم,987,36.1757554,53.2653624,Farim,27,قائم شهر,988,36.4636399,52.8579311,Qaem Shahr,27,کتالم,989,36.88881815,50.72436919840985,Katalom,27,کلارآباد,990,36.6964662,51.2511485,Kelarabad,27,کلاردشت,991,36.5055519,51.1587669,Kelardasht,27,کله بست,992,36.6400809,52.6315535,Hadishahr,27,کوهی خیل,993,36.6879187,52.9118026,Kuhi Kheyl,27,کیاسر,994,36.5773999,53.8280002,Kiyasar,27,کیاکلا,995,36.580532,52.8097463,Kiakola,27,گتاب,996,36.431717,52.6578558,Gatab,27,گزنک,997,35.9038115,52.2246758,Gazanak,27,گلوگاه,998,36.7283914,53.8088538,Galugah,27,محمودآباد,999,36.6308963,52.2621156,Mahmoudabad,27,مرزن آباد,1000,36.4539793,51.3005787,Marzan Abad,27,مرزیکلا,1001,36.3636458,52.7341391,Marzikola,27,نشتارود,1002,36.7486267,51.0358454,Nashtarood,27,نکا,1003,36.6511824,53.2965182,Neka,27,نور,1004,36.5728497,52.0073656,Nur,27,نوشهر,1005,36.6508069,51.5034126,Nowshahr,27,سادات شهر,1006,36.890589,50.6981104,Ketalem and Sadat Shahr,27,,,,,,,,,,,,,,,,,,,,,,,,,,,,,,,,,,,,,,,,,,,,,,,,,,,,,,,36.3159159,51.8968597,Mazandaran,,,,,,,,,,,,,,,,,,,,,,,,,,,,,,,,,,,,,,,,,,,,,,,,,,,,,,,,,,,,,,,,,,,,,,,,,,,,,,,,,,,,,,,,,,,,,,,,,,,,,,,,,,,,,,,,,,,,,,,,,,,,,,,,,,,,,,,,,,,,,,,,,,,,,,,,,,,,,,,,,,,,,,,,,,,,,,,,,,,,,,,,,,,,,,,,,,,,,,,,,,,,,,,,,,,,,,,,,,,,,,
28,مرکزی,اراک,1007,34.0862719,49.6893884,Arak,28,آستانه,1008,51.1282205,71.4306682,Astana,28,آشتیان,1009,34.5216784,50.0018687,Ashtian,28,پرندک,1010,35.3617104,50.6796099,Parandak,28,تفرش,1011,34.6927402,50.0146963,Tafresh,28,توره,1012,39.1623265,44.8703322,Tavreh,28,جاورسیان,1013,34.2576054,49.3260118,Javersiyan,28,خشکرود,1014,36.7983341,50.7761382,Khoshkrud,28,خمین,1015,31.5351472,49.9515693,Khomeyn,28,خنداب,1016,34.7629999,48.206155,Khondab,28,داودآباد,1017,34.2922268,49.8553198,Davudabad,28,دلیجان,1018,37.4134037,49.1299898,Delijan,28,رازقان,1019,35.3312924,49.9556045,Razqan,28,زاویه,1020,32.7596665,12.7355967,Al Zawiyah,28,ساروق,1021,34.4082114,49.5082074,Saruq,28,ساوه,1022,32.0026682,54.2646369,Saveh,28,سنجان,1023,42.4804953,85.4633464,Senejan,28,شازند,1024,33.9293155,49.4070049,Shazand,28,غرق آباد,1025,35.1092029,49.8312434,Gharqabad,28,فرمهین,1026,34.5044405,49.6842027,Farmahin,28,قورچی باشی,1027,33.67494,49.8760505,Qurchbashi,28,کرهرود,1028,34.0612423,49.6453234,Karahroud,28,کمیجان,1029,34.7207822,49.3219622,Komijan,28,مامونیه,1030,35.3011297,50.5073612,Ma'muniyeh,28,محلات,1031,33.905556,50.457222,Mahallat,28,مهاجران,1032,35.0764851,48.6161213,Mohajeran,28,میلاجرد,1033,34.6211735,49.2047717,Milajerd,28,نراق,1034,34.0096318,50.8402395,Naraq,28,نوبران,1035,35.1306563,49.7089976,Nowbaran,28,نیمور,1036,36.4410867,51.5843119,Nimvar,28,هندودر,1037,33.7803949,49.2308157,Hendodar,28,,,,,,,,,,,,,,,,,,,,,,,,,,,,,,,,,,,,,,,,,,,,,,,,,,,,,,,,,,,,,,,,,,,,,,,,,,,,,,,,,,,,,,,,,,,,,,,,,,,,,,,,,,,,,,,,,,,,,,,,,,,,,,,,,,,,,,,,,,,,,,,,,,,,,,,,,,,,,,,,,,,,,,,,,,,,,,,,,,,,,33.639785,46.42489416289041,Markazi,,,,,,,,,,,,,,,,,,,,,,,,,,,,,,,,,,,,,,,,,,,,,,,,,,,,,,,,,,,,,,,,,,,,,,,,,,,,,,,,,,,,,,,,,,,,,,,,,,,,,,,,,,,,,,,,,,,,,,,,,,,,,,,,,,,,,,,,,,,,,,,,,,,,,,,,,,,,,,,,,,,,,,,,,,,,,,,,,,,,,,,,,,,,,,,,,,,,,,,,,,,,,,,,,,,,,,,,,,,,,,
29,هرمزگان,ابوموسی,1038,25.8844687,55.0295208,Abu Musa,29,بستک,1039,27.1977195,54.362564,Bastak,29,بندرجاسک,1040,25.643889,57.774444,Bandar-e-Jask,29,بندرچارک,1041,26.733889,54.274444,Bandar Charak,29,بندرخمیر,1042,26.952998,55.585567,Bandar e Khamir,29,بندرعباس,1043,27.1793466,56.2781423,Bandar Abbas,29,بندرلنگه,1044,26.526814,54.8009276,Bandar-e Lengeh,29,بیکا,1045,27.3554883,57.1799223,Bikah,29,پارسیان,1046,27.2082174,53.0351431,Parsian,29,تخت,1047,27.5012479,56.6361561,Takht,29,جناح,1048,27.0173998,54.2839961,Jenah,29,حاجی آباد,1049,33.6226584,48.5793314,Hajiabad,29,درگهان,1050,26.9674546,56.0778103,Dargahan,29,دهبارز,1051,27.4413347,57.1909085,Dehbārez,29,رویدر,1052,27.4646306,55.4191063,Ruydar,29,زیارتعلی,1053,27.7411165,57.2239649,Ziaratali,29,سردشت,1054,36.1553184,45.4799637,Sardasht,29,سندرک,1055,26.8370511,57.4254084,Senderk,29,سوزا,1056,26.777574,56.0631263,Suza,29,سیریک,1057,26.5177389,57.101798,Seerik,29,فارغان,1058,28.0077984,56.255127,Fareghan,29,فین,1059,27.6310402,55.8952572,Fin,29,قشم,1060,26.9503253,56.2690869,Qeshm,29,قلعه قاضی,1061,37.9393285,46.8999426,Qaleh Qazi,29,کنگ,1062,31.3211,61.835166,Kang,29,کوشکنار,1063,27.2525961,52.8671285,Kushk-e Nar,29,کیش,1064,26.5361759,53.9742563,Kish,29,گوهران,1065,38.5740988,45.0199851,Gowharan,29,میناب,1066,27.09,57.04,Minab,29,هرمز,1067,27.0955031,56.452739,Hormuz,29,هشتبندی,1068,27.1525401,57.4469048,مسجد جامع هشتبندی,29,,,,,,,,,,,,,,,,,,,,,,,,,,,,,,,,,,,,,,,,,,,,,,,,,,,,,,,,,,,,,,,,,,,,,,,,,,,,,,,,,,,,,,,,,,,,,,,,,,,,,,,,,,,,,,,,,,,,,,,,,,,,,,,,,,,,,,,,,,,,,,,,,,,,,,,,,,,,,,,,,,,,,,,,,,,,,,,,,,,,,27.7198095,56.335807,Hormozgan,,,,,,,,,,,,,,,,,,,,,,,,,,,,,,,,,,,,,,,,,,,,,,,,,,,,,,,,,,,,,,,,,,,,,,,,,,,,,,,,,,,,,,,,,,,,,,,,,,,,,,,,,,,,,,,,,,,,,,,,,,,,,,,,,,,,,,,,,,,,,,,,,,,,,,,,,,,,,,,,,,,,,,,,,,,,,,,,,,,,,,,,,,,,,,,,,,,,,,,,,,,,,,,,,,,,,,,,,,,,,,
30,همدان,ازندریان,1069,34.504361,48.6909354,Azandarian,30,اسدآباد,1070,31.6670247,60.046165,Asadabad,30,برزول,1071,34.2128467,48.2600728,Barzul,30,بهار,1072,25.6440845,85.906508,Bihar,30,تویسرکان,1073,34.5478858,48.4478184,Tuyserkan,30,جورقان,1074,34.8856081,48.55631,joraghan,30,جوکار,1075,34.4322536,48.6862474,Jowkar,30,دمق,1076,35.4431296,48.8234849,Damaq,30,رزن,1077,35.3884459,49.0344948,Razan,30,زنگنه,1078,34.1552764,49.01032,Zangeneh,30,سامن,1079,34.2090147,48.704561,Samen Town,30,سرکان,1080,33.5460325,46.8367857,Sarkan,30,شیرین سو,1081,35.4926221,48.4515219,Shirin Su,30,صالح آباد,1082,29.3110846,56.4867213,Saleh Abad-e,30,فامنین,1083,35.0509457,48.9163725,Famenin,30,فرسفج,1084,34.4865511,48.2859752,Farasfaj,30,فیروزان,1085,32.4593534,51.531257594414924,Firozan,30,قروه درجزین,1086,35.3101504,49.1004503,Qorveh-e Darjazin,30,قهاوند,1087,34.8594697,49.0033362,Qahavand,30,کبودر آهنگ,1088,35.1961,48.7294,Kabudarahang,30,گل تپه,1089,36.363,46.67,Gol Tappeh,30,گیان,1090,32.975159,69.399302,Gayan,30,لالجین,1091,34.9746055,48.4750848,Lalejin,30,مریانج,1092,34.8278333,48.4656056,Maryanaj,30,ملایر,1093,34.2922623,48.8215749,Malayer,30,نهاوند,1094,34.1896877,48.3716218,Nahavand Town,30,همدان,1095,34.8,48.52,Hamadan,30,,,,,,,,,,,,,,,,,,,,,,,,,,,,,,,,,,,,,,,,,,,,,,,,,,,,,,,,,,,,,,,,,,,,,,,,,,,,,,,,,,,,,,,,,,,,,,,,,,,,,,,,,,,,,,,,,,,,,,,,,,,,,,,,,,,,,,,,,,,,,,,,,,,,,,,,,,,,,,,,,,,,,,,,,,,,,,,,,,,,,,,,,,,,,,,,,,,,,,,,,,,,,34.9726302,48.6563818,Hamadan,,,,,,,,,,,,,,,,,,,,,,,,,,,,,,,,,,,,,,,,,,,,,,,,,,,,,,,,,,,,,,,,,,,,,,,,,,,,,,,,,,,,,,,,,,,,,,,,,,,,,,,,,,,,,,,,,,,,,,,,,,,,,,,,,,,,,,,,,,,,,,,,,,,,,,,,,,,,,,,,,,,,,,,,,,,,,,,,,,,,,,,,,,,,,,,,,,,,,,,,,,,,,,,,,,,,,,,,,,,,,,
31,یزد,ابرکوه,1096,31.1324814,53.2803103,Abarkuh,31,احمدآباد,1097,32.3577003,53.9922234,Ahmadabad,31,اردکان,1098,32.3063333,54.0159678,Ardakan,31,اشکذر,1099,32.000526,54.2071804,Ashkezar,31,بافق,1100,32.2585204,51.5646925,Bafq,31,بفروئیه,1101,32.2779278,53.9939167,Bafruiyeh,31,بهاباد,1102,34.3275,58.7152778,Behabad,31,تفت,1103,31.752049,54.217422,Taft,31,حمیدیا,1104,31.8696386,54.3476482,Hamidia,31,خضرآباد,1105,31.8660363,53.9524198,Khezrababd,31,دیهوک,1106,33.2914689,57.5174149,Deyhuk,31,زارچ,1107,31.9903361,54.2354245,Zarch,31,شاهدیه,1108,31.9422469,54.2828268,Shahediyeh,31,طبس,1109,33.5962283,56.9249087,Tabas,31,عقدا,1110,32.4399758,53.628458,Aqda,31,مروست,1111,30.4774172,54.2126137,Marvast,31,مهردشت,1112,31.0244526,53.3488446,Mehrdasht,31,مهریز,1113,31.5841945,54.4445661,Mehriz,31,میبد,1114,32.2510825,54.0159205,Meybod,31,ندوشن,1115,32.0281951,53.5494049,Nadushan,31,نیر,1116,31.4845702,54.1259966,Nir,31,هرات,1117,34.3508273,62.2164003,Herat,31,یزد,1118,31.8565792,54.3296297,Yazd,31,رضوانشهر,1119,37.5479126,49.1395774,Rezvanshahr,31,,,,,,,,,,,,,,,,,,,,,,,,,,,,,,,,,,,,,,,,,,,,,,,,,,,,,,,,,,,,,,,,,,,,,,,,,,,,,,,,,,,,,,,,,,,,,,,,,,,,,,,,,,,,,,,,,,,,,,,,,,,,,,,,,,,,,,,,,,,,,,,,,,,,,,,,,,,,,,,,,,,,,,,,,,,,,,,,,,,,,,,,,,,,,,,,,,,,,,,,,,,,,,,,,,,,,,,,,,,,,,,31.8948,54.357,Yazd,,,,,,,,,,,,,,,,,,,,,,,,,,,,,,,,,,,,,,,,,,,,,,,,,,,,,,,,,,,,,,,,,,,,,,,,,,,,,,,,,,,,,,,,,,,,,,,,,,,,,,,,,,,,,,,,,,,,,,,,,,,,,,,,,,,,,,,,,,,,,,,,,,,,,,,,,,,,,,,,,,,,,,,,,,,,,,,,,,,,,,,,,,,,,,,,,,,,,,,,,,,,,,,,,,,,,,,,,,,,,,
